Pilot Full Name,License Number,Nationality,Date of Birth,License Type,Issuing Authority,License Issue Date,License Expiry Date,Flight Date,Aircraft Registration,Aircraft Make/Model,Simulator Device,Route From (ICAO),Route To (ICAO),Total Flight Time (HH:MM),Aircraft LSA,Aircraft Single Engine,Aircraft Multi Engine,Aircraft Turboprop,Aircraft Turbojet,Aircraft Helicopter,Aircraft Glider,Aircraft Ultralight Motorized,Aircraft Ultralight Non-Motorized,Day Time (HH:MM),Night Time (HH:MM),IFR Time (HH:MM),Approach Type,Approach Count,Simulator Type,Simulator Time (HH:MM),Cross Country Time (HH:MM),Solo Time (HH:MM),PIC Time (HH:MM),SIC Time (HH:MM),Dual Received (HH:MM),Instructor Time (HH:MM),Remarks,Certification Type,Issued By,Certification Issue Date,Certification Valid Until,Certification Description,Certification Status
Rafael Ascanio,CL-PPL-00123,Chile,4/12/1990,PPL(A),DGAC Chile,6/15/2020,6/15/2026,4/29/2025,CC-TGD,Cessna Citation M2,None,SCSE,SCVD,2:12,FALSE,FALSE,FALSE,FALSE,TRUE,FALSE,FALSE,FALSE,FALSE,1:59,0:13,0:00,None,0,None,0:00,1:14,0:00,2:12,0:00,0:00,0:00,Cessna Citation M2 SCSE-SCVD training flight.,None,N/A,2023-02-28,2024-02-28 0:00:00,N/A,active
María Valenzuela,CL-CPL-00456,Chile,10/3/1987,CPL(A) IR,DGAC Chile,9/1/2019,9/1/2025,12/5/2024,CC-CGP,Beechcraft Baron 58,Frasca FTD,SCTE,SCAR,2:26,FALSE,FALSE,TRUE,FALSE,FALSE,FALSE,FALSE,FALSE,FALSE,2:26,0:00,0:36,Visual,4,BasicInstrumentTrainer,0:11,0:27,0:00,2:26,0:00,0:00,0:00,Beechcraft Baron 58 SCTE-SCAR training flight.,None,N/A,2023-11-28,2024-11-27 0:00:00,N/A,active
Javier Ríos,CL-ATPL-00789,Chile,1/25/1982,ATPL(A),DGAC Chile,3/20/2015,3/20/2027,12/11/2023,CC-TEK,Pilatus PC-12,None,SCFA,SCDA,3:10,FALSE,FALSE,FALSE,TRUE,FALSE,FALSE,FALSE,FALSE,FALSE,3:10,0:00,0:00,None,0,None,0:00,2:06,0:00,3:10,0:00,0:00,0:00,Pilatus PC-12 SCFA-SCDA training flight.,Night Endorsement,IOA,2023-03-31,2023-12-30,Night Endorsement recorded for training block.,expired
Camila Torres,CL-PPL-00234,Chile,8/19/1994,PPL(H),DGAC Chile,11/11/2021,11/11/2027,11/22/2023,CC-PUS,Diamond DA40,None,SCTE,SCSE,3:57,FALSE,TRUE,FALSE,FALSE,FALSE,FALSE,FALSE,FALSE,FALSE,3:57,0:00,0:00,None,0,None,0:00,3:30,0:00,3:57,0:00,0:00,0:00,Diamond DA40 SCTE-SCSE training flight.,None,N/A,2024-10-17,2025-10-17 0:00:00,N/A,active
Diego Fuentes,CL-CPL-00321,Chile,5/30/1989,CPL(A),DGAC Chile,1/10/2020,1/10/2026,12/15/2023,CC-QWP,Beechcraft King Air C90,None,SCVD,SCSE,2:44,FALSE,FALSE,FALSE,TRUE,FALSE,FALSE,FALSE,FALSE,FALSE,2:44,0:00,0:00,None,0,None,0:00,0:26,0:00,2:44,0:00,0:00,0:00,Beechcraft King Air C90 SCVD-SCSE training flight.,Solo Endorsement,IE,2024-04-17,2025-01-03,Solo Endorsement recorded for training block.,active
Rafael Ascanio,CL-PPL-00123,Chile,4/12/1990,PPL(A),DGAC Chile,6/15/2020,6/15/2026,2/17/2024,CC-QJJ,Piper PA-34 Seneca,None,SCAR,SCVD,1:53,FALSE,FALSE,TRUE,FALSE,FALSE,FALSE,FALSE,FALSE,FALSE,1:53,0:00,0:28,RNAV,1,None,0:00,0:03,0:00,1:53,0:00,0:00,0:00,Piper PA-34 Seneca SCAR-SCVD training flight.,Type Rating Check,IE,2025-08-31,2028-03-14,Type Rating Check recorded for training block.,active
María Valenzuela,CL-CPL-00456,Chile,10/3/1987,CPL(A) IR,DGAC Chile,9/1/2019,9/1/2025,4/24/2024,CC-ZQO,Piper PA-34 Seneca,None,SCBA,SCCF,2:41,FALSE,FALSE,TRUE,FALSE,FALSE,FALSE,FALSE,FALSE,FALSE,2:41,0:00,0:00,None,0,None,0:00,2:21,0:00,0:05,0:00,2:36,2:36,Piper PA-34 Seneca SCBA-SCCF training flight.,None,N/A,2022-12-26,2023-12-26 0:00:00,N/A,active
Javier Ríos,CL-ATPL-00789,Chile,1/25/1982,ATPL(A),DGAC Chile,3/20/2015,3/20/2027,4/7/2024,CC-KBX,DG-1000,None,SCCI,SPJC,0:43,FALSE,FALSE,FALSE,FALSE,FALSE,FALSE,TRUE,FALSE,FALSE,0:39,0:04,0:00,None,0,None,0:00,0:37,0:00,0:06,0:00,0:37,0:37,DG-1000 SCCI-SPJC training flight.,None,N/A,2024-06-08,2025-06-08 0:00:00,N/A,active
Camila Torres,CL-PPL-00234,Chile,8/19/1994,PPL(H),DGAC Chile,11/11/2021,11/11/2027,4/23/2025,CC-XQD,Embraer Phenom 300,None,SCDA,SCFA,0:53,FALSE,FALSE,FALSE,FALSE,TRUE,FALSE,FALSE,FALSE,FALSE,0:53,0:00,0:00,None,0,None,0:00,0:41,0:00,0:53,0:00,0:00,0:00,Embraer Phenom 300 SCDA-SCFA training flight.,None,N/A,2024-02-23,2025-02-22 0:00:00,N/A,active
Diego Fuentes,CL-CPL-00321,Chile,5/30/1989,CPL(A),DGAC Chile,1/10/2020,1/10/2026,2/6/2024,CC-KFZ,Diamond DA42,Redbird FMX,SCTE,SCJO,1:57,FALSE,FALSE,TRUE,FALSE,FALSE,FALSE,FALSE,FALSE,FALSE,1:57,0:00,0:00,None,0,FTD,1:30,0:18,0:00,0:05,1:52,0:00,0:00,Diamond DA42 SCTE-SCJO training flight.,None,N/A,2023-04-15,2024-04-14 0:00:00,N/A,active
Rafael Ascanio,CL-PPL-00123,Chile,4/12/1990,PPL(A),DGAC Chile,6/15/2020,6/15/2026,8/1/2025,CC-PKP,Embraer Phenom 300,None,SCJO,SCCI,0:57,FALSE,FALSE,FALSE,FALSE,TRUE,FALSE,FALSE,FALSE,FALSE,0:52,0:05,0:14,RNAV,1,None,0:00,0:27,0:00,0:57,0:00,0:00,0:00,Embraer Phenom 300 SCJO-SCCI training flight.,None,N/A,2023-04-25,2024-04-24 0:00:00,N/A,active
María Valenzuela,CL-CPL-00456,Chile,10/3/1987,CPL(A) IR,DGAC Chile,9/1/2019,9/1/2025,7/4/2024,CC-TIH,Tecnam P92,None,SCDA,SCTE,2:13,FALSE,FALSE,FALSE,FALSE,FALSE,FALSE,FALSE,TRUE,FALSE,2:13,0:00,0:33,ILS,3,None,0:00,0:22,0:00,0:51,0:00,1:22,1:22,Tecnam P92 SCDA-SCTE training flight.,Type Rating Check,IE,2025-07-08,2026-04-22,Type Rating Check recorded for training block.,suspended
Javier Ríos,CL-ATPL-00789,Chile,1/25/1982,ATPL(A),DGAC Chile,3/20/2015,3/20/2027,1/15/2025,CC-DTO,Schleicher ASK 21,Redbird FMX,SPJC,SCTE,0:56,FALSE,FALSE,FALSE,FALSE,FALSE,FALSE,TRUE,FALSE,FALSE,0:56,0:00,0:00,None,0,BasicInstrumentTrainer,0:22,0:46,0:00,0:56,0:00,0:00,0:00,Schleicher ASK 21 SPJC-SCTE training flight.,None,N/A,2024-06-27,2025-06-27 0:00:00,N/A,active
Camila Torres,CL-PPL-00234,Chile,8/19/1994,PPL(H),DGAC Chile,11/11/2021,11/11/2027,11/12/2023,CC-WVH,Diamond DA40,None,SCEL,SCFA,2:41,FALSE,TRUE,FALSE,FALSE,FALSE,FALSE,FALSE,FALSE,FALSE,2:09,0:32,0:00,None,0,None,0:00,0:07,0:00,2:41,0:00,0:00,0:00,Diamond DA40 SCEL-SCFA training flight.,Type Rating Check,Instructor,2023-02-25,2025-09-11,Type Rating Check recorded for training block.,expired
Diego Fuentes,CL-CPL-00321,Chile,5/30/1989,CPL(A),DGAC Chile,1/10/2020,1/10/2026,3/8/2025,CC-DMO,Ozone Delta 4 (Paraglider),None,SCFA,SCCI,1:55,FALSE,FALSE,FALSE,FALSE,FALSE,FALSE,FALSE,FALSE,TRUE,1:44,0:11,0:28,Visual,4,None,0:00,1:06,0:00,1:55,0:00,0:00,0:00,Ozone Delta 4 (Paraglider) SCFA-SCCI training flight.,None,N/A,2023-11-10,2024-11-09 0:00:00,N/A,active
Rafael Ascanio,CL-PPL-00123,Chile,4/12/1990,PPL(A),DGAC Chile,6/15/2020,6/15/2026,5/13/2024,CC-SKR,Robinson R44,None,SCCF,SCTE,3:39,FALSE,FALSE,FALSE,FALSE,FALSE,TRUE,FALSE,FALSE,FALSE,3:39,0:00,0:54,Visual,4,None,0:00,1:20,0:00,3:39,0:00,0:00,0:00,Robinson R44 SCCF-SCTE training flight.,None,N/A,2023-05-08,2024-05-07 0:00:00,N/A,active
María Valenzuela,CL-CPL-00456,Chile,10/3/1987,CPL(A) IR,DGAC Chile,9/1/2019,9/1/2025,11/14/2023,CC-AOP,Diamond DA40,Frasca FTD,SCEL,SCDA,2:25,FALSE,TRUE,FALSE,FALSE,FALSE,FALSE,FALSE,FALSE,FALSE,2:25,0:00,0:00,None,0,BasicInstrumentTrainer,0:36,1:02,0:00,2:25,0:00,0:00,0:00,Diamond DA40 SCEL-SCDA training flight.,Solo Endorsement,IE,2023-01-19,2023-08-19,Solo Endorsement recorded for training block.,expired
Javier Ríos,CL-ATPL-00789,Chile,1/25/1982,ATPL(A),DGAC Chile,3/20/2015,3/20/2027,3/15/2024,CC-RFD,Cessna 208B Grand Caravan,None,SCCI,SCBA,3:56,FALSE,FALSE,FALSE,TRUE,FALSE,FALSE,FALSE,FALSE,FALSE,3:56,0:00,0:00,None,0,None,0:00,1:19,0:00,3:56,0:00,0:00,0:00,Cessna 208B Grand Caravan SCCI-SCBA training flight.,Biennial Flight Review,IE,2025-04-28,2028-01-29,Biennial Flight Review recorded for training block.,expired
Camila Torres,CL-PPL-00234,Chile,8/19/1994,PPL(H),DGAC Chile,11/11/2021,11/11/2027,8/15/2024,CC-JKW,Cessna 182T,None,SCEL,SCVD,1:08,FALSE,TRUE,FALSE,FALSE,FALSE,FALSE,FALSE,FALSE,FALSE,1:08,0:00,0:00,None,0,None,0:00,0:45,0:00,1:08,0:00,0:00,0:00,Cessna 182T SCEL-SCVD training flight.,Medical Certificate,Instructor,2023-01-05,2024-08-19,Medical Certificate recorded for training block.,suspended
Diego Fuentes,CL-CPL-00321,Chile,5/30/1989,CPL(A),DGAC Chile,1/10/2020,1/10/2026,11/29/2024,CC-GEL,Schleicher ASK 21,None,SCIE,SCDA,2:38,FALSE,FALSE,FALSE,FALSE,FALSE,FALSE,TRUE,FALSE,FALSE,2:38,0:00,0:00,None,0,None,0:00,0:07,0:00,0:19,2:19,0:00,0:00,Schleicher ASK 21 SCIE-SCDA training flight.,IFR Currency Check,DGAC,2024-01-27,2027-01-06,IFR Currency Check recorded for training block.,active
Rafael Ascanio,CL-PPL-00123,Chile,4/12/1990,PPL(A),DGAC Chile,6/15/2020,6/15/2026,11/2/2023,CC-BZV,Schleicher ASK 21,None,SCSE,SAEZ,1:07,FALSE,FALSE,FALSE,FALSE,FALSE,FALSE,TRUE,FALSE,FALSE,1:07,0:00,0:16,VOR,2,None,0:00,0:23,0:00,0:23,0:00,0:44,0:44,Schleicher ASK 21 SCSE-SAEZ training flight.,Biennial Flight Review,DGAC,2025-05-15,2026-06-17,Biennial Flight Review recorded for training block.,expired
María Valenzuela,CL-CPL-00456,Chile,10/3/1987,CPL(A) IR,DGAC Chile,9/1/2019,9/1/2025,7/2/2024,CC-ZGU,Cessna 172N,None,SCJO,SCFA,2:02,FALSE,TRUE,FALSE,FALSE,FALSE,FALSE,FALSE,FALSE,FALSE,1:50,0:12,0:00,None,0,None,0:00,0:19,0:00,2:02,0:00,0:00,0:00,Cessna 172N SCJO-SCFA training flight.,Biennial Flight Review,MedicalAuthority,2025-05-26,2026-04-29,Biennial Flight Review recorded for training block.,active
Javier Ríos,CL-ATPL-00789,Chile,1/25/1982,ATPL(A),DGAC Chile,3/20/2015,3/20/2027,1/29/2025,CC-POT,Cessna 172N,None,SCEL,SCSE,3:10,FALSE,TRUE,FALSE,FALSE,FALSE,FALSE,FALSE,FALSE,FALSE,3:10,0:00,0:00,None,0,None,0:00,2:20,0:00,3:10,0:00,0:00,0:00,Cessna 172N SCEL-SCSE training flight.,None,N/A,2025-05-06,2026-05-06 0:00:00,N/A,active
Camila Torres,CL-PPL-00234,Chile,8/19/1994,PPL(H),DGAC Chile,11/11/2021,11/11/2027,10/13/2023,CC-BNW,Bristell B23,None,SCSE,SCBA,1:11,FALSE,FALSE,FALSE,FALSE,FALSE,FALSE,FALSE,TRUE,FALSE,1:11,0:00,0:17,ILS,2,None,0:00,0:43,0:00,1:11,0:00,0:00,0:00,Bristell B23 SCSE-SCBA training flight.,Biennial Flight Review,Instructor,2024-01-20,2026-03-02,Biennial Flight Review recorded for training block.,suspended
Diego Fuentes,CL-CPL-00321,Chile,5/30/1989,CPL(A),DGAC Chile,1/10/2020,1/10/2026,10/12/2024,CC-ROI,Cessna 208B Grand Caravan,Frasca FTD,SCFA,SCAR,2:49,FALSE,FALSE,FALSE,TRUE,FALSE,FALSE,FALSE,FALSE,FALSE,2:49,0:00,1:24,RNAV,2,BasicInstrumentTrainer,0:28,0:30,0:00,0:19,0:00,2:30,2:30,Cessna 208B Grand Caravan SCFA-SCAR training flight.,None,N/A,2024-02-28,2025-02-27 0:00:00,N/A,active
Rafael Ascanio,CL-PPL-00123,Chile,4/12/1990,PPL(A),DGAC Chile,6/15/2020,6/15/2026,3/6/2025,CC-LYY,Diamond DA40,None,SCEL,SCTE,1:44,FALSE,TRUE,FALSE,FALSE,FALSE,FALSE,FALSE,FALSE,FALSE,1:24,0:20,0:26,Visual,1,None,0:00,0:54,1:44,1:44,0:00,0:00,0:00,Diamond DA40 SCEL-SCTE training flight.,None,N/A,2023-01-31,2024-01-31 0:00:00,N/A,active
María Valenzuela,CL-CPL-00456,Chile,10/3/1987,CPL(A) IR,DGAC Chile,9/1/2019,9/1/2025,8/23/2025,CC-DJB,Diamond DA40,None,SCAR,SCIE,2:55,FALSE,TRUE,FALSE,FALSE,FALSE,FALSE,FALSE,FALSE,FALSE,2:55,0:00,0:00,None,0,None,0:00,1:16,0:00,1:07,0:00,1:48,1:48,Diamond DA40 SCAR-SCIE training flight.,IFR Currency Check,IE,2025-02-16,2027-12-16,IFR Currency Check recorded for training block.,suspended
Javier Ríos,CL-ATPL-00789,Chile,1/25/1982,ATPL(A),DGAC Chile,3/20/2015,3/20/2027,12/21/2023,CC-AVH,Tecnam P2008,None,SCBA,SCSE,2:57,TRUE,TRUE,FALSE,FALSE,FALSE,FALSE,FALSE,FALSE,FALSE,2:57,0:00,0:44,VOR,3,None,0:00,1:50,0:00,2:57,0:00,0:00,0:00,Tecnam P2008 SCBA-SCSE training flight.,None,N/A,2023-04-27,2024-04-26 0:00:00,N/A,active
Camila Torres,CL-PPL-00234,Chile,8/19/1994,PPL(H),DGAC Chile,11/11/2021,11/11/2027,10/25/2023,CC-HPS,Robinson R44,None,SCAR,SCVD,0:51,FALSE,FALSE,FALSE,FALSE,FALSE,TRUE,FALSE,FALSE,FALSE,0:51,0:00,0:25,RNAV,4,None,0:00,0:06,0:00,0:13,0:00,0:38,0:38,Robinson R44 SCAR-SCVD training flight.,None,N/A,2024-01-30,2025-01-29 0:00:00,N/A,active
Diego Fuentes,CL-CPL-00321,Chile,5/30/1989,CPL(A),DGAC Chile,1/10/2020,1/10/2026,2/15/2024,CC-VBI,Cessna 182T,None,SCDA,SCVD,3:41,FALSE,TRUE,FALSE,FALSE,FALSE,FALSE,FALSE,FALSE,FALSE,3:19,0:22,0:00,None,0,None,0:00,2:48,0:00,3:41,0:00,0:00,0:00,Cessna 182T SCDA-SCVD training flight.,None,N/A,2024-02-21,2025-02-20 0:00:00,N/A,active
Rafael Ascanio,CL-PPL-00123,Chile,4/12/1990,PPL(A),DGAC Chile,6/15/2020,6/15/2026,4/21/2025,CC-OCY,Airbus H125,None,SCVD,SCDA,3:07,FALSE,FALSE,FALSE,FALSE,FALSE,TRUE,FALSE,FALSE,FALSE,2:30,0:37,1:33,Visual,1,None,0:00,2:40,0:00,3:07,0:00,0:00,0:00,Airbus H125 SCVD-SCDA training flight.,None,N/A,2024-09-28,2025-09-28 0:00:00,N/A,active
María Valenzuela,CL-CPL-00456,Chile,10/3/1987,CPL(A) IR,DGAC Chile,9/1/2019,9/1/2025,8/30/2024,CC-DIX,Cessna 208B Grand Caravan,None,SPJC,SCEL,2:08,FALSE,FALSE,FALSE,TRUE,FALSE,FALSE,FALSE,FALSE,FALSE,1:43,0:25,0:00,None,0,None,0:00,0:59,0:00,2:08,0:00,0:00,0:00,Cessna 208B Grand Caravan SPJC-SCEL training flight.,IFR Currency Check,IE,2024-01-27,2026-06-07,IFR Currency Check recorded for training block.,active
Javier Ríos,CL-ATPL-00789,Chile,1/25/1982,ATPL(A),DGAC Chile,3/20/2015,3/20/2027,5/14/2024,CC-ZTY,Airbus H125,Redbird FMX,SCAR,SCDA,1:23,FALSE,FALSE,FALSE,FALSE,FALSE,TRUE,FALSE,FALSE,FALSE,1:23,0:00,0:20,ILS,2,FlightSimulator,0:41,0:42,0:00,1:23,0:00,0:00,0:00,Airbus H125 SCAR-SCDA training flight.,Medical Certificate,IOA,2024-12-24,2027-09-21,Medical Certificate recorded for training block.,suspended
Camila Torres,CL-PPL-00234,Chile,8/19/1994,PPL(H),DGAC Chile,11/11/2021,11/11/2027,7/9/2025,CC-JBM,Cessna 172N,None,SCAR,SCTE,0:46,FALSE,TRUE,FALSE,FALSE,FALSE,FALSE,FALSE,FALSE,FALSE,0:42,0:04,0:00,None,0,None,0:00,0:21,0:00,0:46,0:00,0:00,0:00,Cessna 172N SCAR-SCTE training flight.,IFR Currency Check,IOA,2023-12-13,2025-01-24,IFR Currency Check recorded for training block.,active
Diego Fuentes,CL-CPL-00321,Chile,5/30/1989,CPL(A),DGAC Chile,1/10/2020,1/10/2026,10/16/2024,CC-HBU,Diamond DA40,None,SCCF,SCVD,3:01,FALSE,TRUE,FALSE,FALSE,FALSE,FALSE,FALSE,FALSE,FALSE,2:25,0:36,0:00,None,0,None,0:00,0:23,0:00,0:19,0:00,2:42,2:42,Diamond DA40 SCCF-SCVD training flight.,None,N/A,2025-07-12,2026-07-12 0:00:00,N/A,active
Rafael Ascanio,CL-PPL-00123,Chile,4/12/1990,PPL(A),DGAC Chile,6/15/2020,6/15/2026,8/21/2024,CC-YCZ,Embraer Phenom 300,None,SCDA,SCBA,2:52,FALSE,FALSE,FALSE,FALSE,TRUE,FALSE,FALSE,FALSE,FALSE,2:52,0:00,0:00,None,0,None,0:00,1:39,0:00,2:52,0:00,0:00,0:00,Embraer Phenom 300 SCDA-SCBA training flight.,IFR Currency Check,Instructor,2023-04-13,2025-06-11,IFR Currency Check recorded for training block.,expired
María Valenzuela,CL-CPL-00456,Chile,10/3/1987,CPL(A) IR,DGAC Chile,9/1/2019,9/1/2025,9/4/2023,CC-LZD,Airbus H125,Elite S923,SCCI,SCAR,1:27,FALSE,FALSE,FALSE,FALSE,FALSE,TRUE,FALSE,FALSE,FALSE,1:19,0:08,0:00,None,0,FTD,0:24,0:32,0:00,1:27,0:00,0:00,0:00,Airbus H125 SCCI-SCAR training flight.,None,N/A,2025-02-12,2026-02-12 0:00:00,N/A,active
Javier Ríos,CL-ATPL-00789,Chile,1/25/1982,ATPL(A),DGAC Chile,3/20/2015,3/20/2027,6/2/2025,CC-RYT,Beechcraft King Air C90,Elite S923,SCAR,SCIE,2:17,FALSE,FALSE,FALSE,TRUE,FALSE,FALSE,FALSE,FALSE,FALSE,2:17,0:00,0:00,None,0,FTD,0:56,0:52,0:00,2:17,0:00,0:00,0:00,Beechcraft King Air C90 SCAR-SCIE training flight.,None,N/A,2024-07-10,2025-07-10 0:00:00,N/A,active
Camila Torres,CL-PPL-00234,Chile,8/19/1994,PPL(H),DGAC Chile,11/11/2021,11/11/2027,3/17/2024,CC-SHI,Cessna 172N,None,SCIE,SCCF,2:15,FALSE,TRUE,FALSE,FALSE,FALSE,FALSE,FALSE,FALSE,FALSE,2:15,0:00,0:33,NDB,3,None,0:00,0:46,0:00,2:15,0:00,0:00,0:00,Cessna 172N SCIE-SCCF training flight.,None,N/A,2023-05-21,2024-05-20 0:00:00,N/A,active
Diego Fuentes,CL-CPL-00321,Chile,5/30/1989,CPL(A),DGAC Chile,1/10/2020,1/10/2026,11/28/2024,CC-RXQ,Piper PA-34 Seneca,Frasca FTD,SCFA,SCJO,0:52,FALSE,FALSE,TRUE,FALSE,FALSE,FALSE,FALSE,FALSE,FALSE,0:52,0:00,0:13,RNAV,3,FTD,0:10,0:23,0:00,0:52,0:00,0:00,0:00,Piper PA-34 Seneca SCFA-SCJO training flight.,Night Endorsement,DGAC,2024-06-23,2026-04-10,Night Endorsement recorded for training block.,expired
Rafael Ascanio,CL-PPL-00123,Chile,4/12/1990,PPL(A),DGAC Chile,6/15/2020,6/15/2026,2/11/2025,CC-UYT,Embraer Phenom 300,None,SCBA,SCSE,2:26,FALSE,FALSE,FALSE,FALSE,TRUE,FALSE,FALSE,FALSE,FALSE,2:26,0:00,0:00,None,0,None,0:00,1:47,0:00,2:26,0:00,0:00,0:00,Embraer Phenom 300 SCBA-SCSE training flight.,None,N/A,2024-04-06,2025-04-06 0:00:00,N/A,active
María Valenzuela,CL-CPL-00456,Chile,10/3/1987,CPL(A) IR,DGAC Chile,9/1/2019,9/1/2025,11/16/2023,CC-CYG,Embraer Phenom 300,Redbird FMX,SCFA,SCAR,3:28,FALSE,FALSE,FALSE,FALSE,TRUE,FALSE,FALSE,FALSE,FALSE,3:08,0:20,0:00,None,0,FTD,1:18,1:41,3:28,3:28,0:00,0:00,0:00,Embraer Phenom 300 SCFA-SCAR training flight.,Solo Endorsement,Instructor,2024-01-17,2025-11-13,Solo Endorsement recorded for training block.,suspended
Javier Ríos,CL-ATPL-00789,Chile,1/25/1982,ATPL(A),DGAC Chile,3/20/2015,3/20/2027,7/5/2025,CC-OSJ,Diamond DA42,None,SCIE,SCAR,2:53,FALSE,FALSE,TRUE,FALSE,FALSE,FALSE,FALSE,FALSE,FALSE,2:53,0:00,0:00,None,0,None,0:00,1:36,0:00,2:53,0:00,0:00,0:00,Diamond DA42 SCIE-SCAR training flight.,None,N/A,2023-07-02,2024-07-01 0:00:00,N/A,active
Camila Torres,CL-PPL-00234,Chile,8/19/1994,PPL(H),DGAC Chile,11/11/2021,11/11/2027,12/21/2024,CC-UFU,Cessna Citation M2,Elite S923,SCVD,SCTE,1:38,FALSE,FALSE,FALSE,FALSE,TRUE,FALSE,FALSE,FALSE,FALSE,1:29,0:09,0:00,None,0,FTD,0:28,1:19,0:00,0:42,0:56,0:00,0:00,Cessna Citation M2 SCVD-SCTE training flight.,Type Rating Check,IE,2023-05-09,2025-02-14,Type Rating Check recorded for training block.,active
Diego Fuentes,CL-CPL-00321,Chile,5/30/1989,CPL(A),DGAC Chile,1/10/2020,1/10/2026,1/1/2025,CC-YXP,Embraer Phenom 300,None,SCVD,SCTE,0:31,FALSE,FALSE,FALSE,FALSE,TRUE,FALSE,FALSE,FALSE,FALSE,0:31,0:00,0:07,NDB,4,None,0:00,0:16,0:00,0:09,0:22,0:00,0:00,Embraer Phenom 300 SCVD-SCTE training flight.,None,N/A,2023-07-25,2024-07-24 0:00:00,N/A,active
Rafael Ascanio,CL-PPL-00123,Chile,4/12/1990,PPL(A),DGAC Chile,6/15/2020,6/15/2026,8/11/2024,CC-VHU,Beechcraft Baron 58,None,SCJO,SCVD,2:10,FALSE,FALSE,TRUE,FALSE,FALSE,FALSE,FALSE,FALSE,FALSE,2:10,0:00,0:32,VOR,3,None,0:00,1:00,0:00,2:10,0:00,0:00,0:00,Beechcraft Baron 58 SCJO-SCVD training flight.,Biennial Flight Review,Instructor,2024-04-10,2025-06-04,Biennial Flight Review recorded for training block.,expired
María Valenzuela,CL-CPL-00456,Chile,10/3/1987,CPL(A) IR,DGAC Chile,9/1/2019,9/1/2025,10/24/2024,CC-CDJ,Tecnam P2008,None,SCDA,SPJC,1:04,TRUE,TRUE,FALSE,FALSE,FALSE,FALSE,FALSE,FALSE,FALSE,1:04,0:00,0:16,VOR,1,None,0:00,0:32,0:00,1:04,0:00,0:00,0:00,Tecnam P2008 SCDA-SPJC training flight.,None,N/A,2024-12-30,2025-12-30 0:00:00,N/A,active
Javier Ríos,CL-ATPL-00789,Chile,1/25/1982,ATPL(A),DGAC Chile,3/20/2015,3/20/2027,11/5/2024,CC-KFK,Cessna 182T,None,SPJC,SCCI,1:27,FALSE,TRUE,FALSE,FALSE,FALSE,FALSE,FALSE,FALSE,FALSE,1:27,0:00,0:21,ILS,4,None,0:00,0:13,0:00,1:27,0:00,0:00,0:00,Cessna 182T SPJC-SCCI training flight.,Biennial Flight Review,Instructor,2024-08-23,2025-12-21,Biennial Flight Review recorded for training block.,expired
Camila Torres,CL-PPL-00234,Chile,8/19/1994,PPL(H),DGAC Chile,11/11/2021,11/11/2027,10/5/2024,CC-OPF,Beechcraft King Air C90,None,SCAR,SCCF,3:50,FALSE,FALSE,FALSE,TRUE,FALSE,FALSE,FALSE,FALSE,FALSE,3:50,0:00,0:57,NDB,4,None,0:00,1:43,0:00,0:16,3:34,0:00,0:00,Beechcraft King Air C90 SCAR-SCCF training flight.,None,N/A,2022-11-01,2023-11-01 0:00:00,N/A,active
Diego Fuentes,CL-CPL-00321,Chile,5/30/1989,CPL(A),DGAC Chile,1/10/2020,1/10/2026,11/27/2023,CC-SVX,Cessna 182T,None,SCCI,SCTE,0:41,FALSE,TRUE,FALSE,FALSE,FALSE,FALSE,FALSE,FALSE,FALSE,0:41,0:00,0:10,ILS,4,None,0:00,0:34,0:00,0:41,0:00,0:00,0:00,Cessna 182T SCCI-SCTE training flight.,None,N/A,2022-10-28,2023-10-28 0:00:00,N/A,active
Rafael Ascanio,CL-PPL-00123,Chile,4/12/1990,PPL(A),DGAC Chile,6/15/2020,6/15/2026,9/25/2024,CC-WEG,Cessna Citation M2,Elite S923,SCCF,SCAR,1:55,FALSE,FALSE,FALSE,FALSE,TRUE,FALSE,FALSE,FALSE,FALSE,1:55,0:00,0:00,None,0,FlightSimulator,1:10,0:02,0:00,1:55,0:00,0:00,0:00,Cessna Citation M2 SCCF-SCAR training flight.,None,N/A,2024-07-25,2025-07-25 0:00:00,N/A,active
María Valenzuela,CL-CPL-00456,Chile,10/3/1987,CPL(A) IR,DGAC Chile,9/1/2019,9/1/2025,7/1/2025,CC-GCA,Cessna 182T,Elite S923,SCTE,SCEL,2:37,FALSE,TRUE,FALSE,FALSE,FALSE,FALSE,FALSE,FALSE,FALSE,2:37,0:00,0:00,None,0,FTD,1:18,1:18,0:00,0:20,2:17,0:00,0:00,Cessna 182T SCTE-SCEL training flight.,None,N/A,2023-01-21,2024-01-21 0:00:00,N/A,active
Javier Ríos,CL-ATPL-00789,Chile,1/25/1982,ATPL(A),DGAC Chile,3/20/2015,3/20/2027,4/2/2025,CC-YFA,Cessna 172N,None,SCDA,SCFA,1:26,FALSE,TRUE,FALSE,FALSE,FALSE,FALSE,FALSE,FALSE,FALSE,1:26,0:00,0:43,VOR,4,None,0:00,0:00,0:00,0:20,0:00,1:06,1:06,Cessna 172N SCDA-SCFA training flight.,None,N/A,2023-04-25,2024-04-24 0:00:00,N/A,active
Camila Torres,CL-PPL-00234,Chile,8/19/1994,PPL(H),DGAC Chile,11/11/2021,11/11/2027,7/27/2025,CC-STE,Tecnam P92,None,SCCI,SPJC,1:45,FALSE,FALSE,FALSE,FALSE,FALSE,FALSE,FALSE,TRUE,FALSE,1:45,0:00,0:26,ILS,2,None,0:00,0:08,0:00,1:45,0:00,0:00,0:00,Tecnam P92 SCCI-SPJC training flight.,IFR Currency Check,Instructor,2022-10-25,2024-03-07,IFR Currency Check recorded for training block.,suspended
Diego Fuentes,CL-CPL-00321,Chile,5/30/1989,CPL(A),DGAC Chile,1/10/2020,1/10/2026,8/3/2025,CC-KSB,Tecnam P92,Redbird FMX,SCVD,SCBA,0:56,FALSE,FALSE,FALSE,FALSE,FALSE,FALSE,FALSE,TRUE,FALSE,0:51,0:05,0:00,None,0,FTD,0:28,0:45,0:00,0:22,0:00,0:34,0:34,Tecnam P92 SCVD-SCBA training flight.,None,N/A,2024-05-12,2025-05-12 0:00:00,N/A,active
Rafael Ascanio,CL-PPL-00123,Chile,4/12/1990,PPL(A),DGAC Chile,6/15/2020,6/15/2026,1/16/2025,CC-UOB,Pilatus PC-12,Frasca FTD,SCTE,SCIE,1:14,FALSE,FALSE,FALSE,TRUE,FALSE,FALSE,FALSE,FALSE,FALSE,1:07,0:07,0:00,None,0,FlightSimulator,1:10,0:53,0:00,1:14,0:00,0:00,0:00,Pilatus PC-12 SCTE-SCIE training flight.,Solo Endorsement,MedicalAuthority,2024-08-01,2025-02-09,Solo Endorsement recorded for training block.,expired
María Valenzuela,CL-CPL-00456,Chile,10/3/1987,CPL(A) IR,DGAC Chile,9/1/2019,9/1/2025,6/30/2025,CC-QVS,Diamond DA40,None,SCIE,SCDA,2:35,FALSE,TRUE,FALSE,FALSE,FALSE,FALSE,FALSE,FALSE,FALSE,2:35,0:00,0:00,None,0,None,0:00,0:57,0:00,2:35,0:00,0:00,0:00,Diamond DA40 SCIE-SCDA training flight.,None,N/A,2025-08-06,2026-08-06 0:00:00,N/A,active
Javier Ríos,CL-ATPL-00789,Chile,1/25/1982,ATPL(A),DGAC Chile,3/20/2015,3/20/2027,5/11/2024,CC-UMV,Tecnam P2008,None,SCCI,SCFA,0:30,TRUE,TRUE,FALSE,FALSE,FALSE,FALSE,FALSE,FALSE,FALSE,0:30,0:00,0:00,None,0,None,0:00,0:10,0:00,0:30,0:00,0:00,0:00,Tecnam P2008 SCCI-SCFA training flight.,None,N/A,2024-06-24,2025-06-24 0:00:00,N/A,active
Camila Torres,CL-PPL-00234,Chile,8/19/1994,PPL(H),DGAC Chile,11/11/2021,11/11/2027,8/31/2024,CC-HLT,Schleicher ASK 21,Frasca FTD,SCCI,SCBA,1:27,FALSE,FALSE,FALSE,FALSE,FALSE,FALSE,TRUE,FALSE,FALSE,1:27,0:00,0:43,RNAV,1,FlightSimulator,0:30,1:14,1:27,1:27,0:00,0:00,0:00,Schleicher ASK 21 SCCI-SCBA training flight.,Biennial Flight Review,IOA,2023-09-10,2025-07-20,Biennial Flight Review recorded for training block.,active
Diego Fuentes,CL-CPL-00321,Chile,5/30/1989,CPL(A),DGAC Chile,1/10/2020,1/10/2026,3/16/2024,CC-HPW,Airbus H125,None,SCTE,SCEL,2:56,FALSE,FALSE,FALSE,FALSE,FALSE,TRUE,FALSE,FALSE,FALSE,2:21,0:35,0:00,None,0,None,0:00,1:40,0:00,0:37,2:19,0:00,0:00,Airbus H125 SCTE-SCEL training flight.,None,N/A,2025-07-27,2026-07-27 0:00:00,N/A,active
Rafael Ascanio,CL-PPL-00123,Chile,4/12/1990,PPL(A),DGAC Chile,6/15/2020,6/15/2026,4/16/2024,CC-MTR,Cessna 182T,Elite S923,SCBA,SPJC,3:34,FALSE,TRUE,FALSE,FALSE,FALSE,FALSE,FALSE,FALSE,FALSE,2:52,0:42,1:47,ILS,1,FlightSimulator,1:25,1:47,0:00,3:34,0:00,0:00,0:00,Cessna 182T SCBA-SPJC training flight.,None,N/A,2024-04-27,2025-04-27 0:00:00,N/A,active
María Valenzuela,CL-CPL-00456,Chile,10/3/1987,CPL(A) IR,DGAC Chile,9/1/2019,9/1/2025,4/26/2024,CC-HPM,Beechcraft Baron 58,Elite S923,SCTE,SCCF,2:45,FALSE,FALSE,TRUE,FALSE,FALSE,FALSE,FALSE,FALSE,FALSE,2:45,0:00,0:41,Visual,3,BasicInstrumentTrainer,0:50,1:34,0:00,2:45,0:00,0:00,0:00,Beechcraft Baron 58 SCTE-SCCF training flight.,IFR Currency Check,DGAC,2024-03-10,2025-07-16,IFR Currency Check recorded for training block.,expired
Javier Ríos,CL-ATPL-00789,Chile,1/25/1982,ATPL(A),DGAC Chile,3/20/2015,3/20/2027,4/11/2024,CC-ITY,Piper PA-28-181 Archer,None,SCVD,SCDA,3:54,FALSE,TRUE,FALSE,FALSE,FALSE,FALSE,FALSE,FALSE,FALSE,3:54,0:00,0:00,None,0,None,0:00,0:44,0:00,0:46,0:00,3:08,3:08,Piper PA-28-181 Archer SCVD-SCDA training flight.,None,N/A,2023-09-30,2024-09-29 0:00:00,N/A,active
Camila Torres,CL-PPL-00234,Chile,8/19/1994,PPL(H),DGAC Chile,11/11/2021,11/11/2027,1/10/2024,CC-SZN,Airbus H125,Redbird FMX,SCFA,SCSE,1:25,FALSE,FALSE,FALSE,FALSE,FALSE,TRUE,FALSE,FALSE,FALSE,1:17,0:08,0:21,VOR,3,FlightSimulator,0:42,0:08,1:25,1:25,0:00,0:00,0:00,Airbus H125 SCFA-SCSE training flight.,Night Endorsement,IOA,2022-10-01,2025-03-24,Night Endorsement recorded for training block.,suspended
Diego Fuentes,CL-CPL-00321,Chile,5/30/1989,CPL(A),DGAC Chile,1/10/2020,1/10/2026,11/27/2024,CC-OSD,Cessna 172N,None,SAEZ,SPJC,0:55,FALSE,TRUE,FALSE,FALSE,FALSE,FALSE,FALSE,FALSE,FALSE,0:55,0:00,0:27,NDB,1,None,0:00,0:05,0:00,0:55,0:00,0:00,0:00,Cessna 172N SAEZ-SPJC training flight.,Solo Endorsement,MedicalAuthority,2024-04-07,2026-01-27,Solo Endorsement recorded for training block.,expired
Rafael Ascanio,CL-PPL-00123,Chile,4/12/1990,PPL(A),DGAC Chile,6/15/2020,6/15/2026,2/5/2024,CC-GWC,Cessna 172N,None,SCSE,SCJO,1:24,FALSE,TRUE,FALSE,FALSE,FALSE,FALSE,FALSE,FALSE,FALSE,1:16,0:08,0:21,NDB,1,None,0:00,0:09,0:00,0:03,0:00,1:21,1:21,Cessna 172N SCSE-SCJO training flight.,None,N/A,2022-12-21,2023-12-21 0:00:00,N/A,active
María Valenzuela,CL-CPL-00456,Chile,10/3/1987,CPL(A) IR,DGAC Chile,9/1/2019,9/1/2025,9/26/2024,CC-YCG,Tecnam P2008,None,SCTE,SAEZ,2:54,TRUE,TRUE,FALSE,FALSE,FALSE,FALSE,FALSE,FALSE,FALSE,2:54,0:00,0:00,None,0,None,0:00,1:13,0:00,0:22,0:00,2:32,2:32,Tecnam P2008 SCTE-SAEZ training flight.,Biennial Flight Review,MedicalAuthority,2023-12-09,2026-08-09,Biennial Flight Review recorded for training block.,suspended
Javier Ríos,CL-ATPL-00789,Chile,1/25/1982,ATPL(A),DGAC Chile,3/20/2015,3/20/2027,6/4/2025,CC-HPL,Piper PA-34 Seneca,None,SCCI,SCBA,2:04,FALSE,FALSE,TRUE,FALSE,FALSE,FALSE,FALSE,FALSE,FALSE,2:04,0:00,0:31,ILS,1,None,0:00,0:12,0:00,0:28,0:00,1:36,1:36,Piper PA-34 Seneca SCCI-SCBA training flight.,None,N/A,2023-11-02,2024-11-01 0:00:00,N/A,active
Camila Torres,CL-PPL-00234,Chile,8/19/1994,PPL(H),DGAC Chile,11/11/2021,11/11/2027,8/8/2025,CC-EEB,Cessna 172N,None,SCEL,SCJO,1:26,FALSE,TRUE,FALSE,FALSE,FALSE,FALSE,FALSE,FALSE,FALSE,1:26,0:00,0:00,None,0,None,0:00,0:10,0:00,0:05,0:00,1:21,1:21,Cessna 172N SCEL-SCJO training flight.,None,N/A,2025-03-13,2026-03-13 0:00:00,N/A,active
Diego Fuentes,CL-CPL-00321,Chile,5/30/1989,CPL(A),DGAC Chile,1/10/2020,1/10/2026,6/4/2025,CC-AHH,Cessna 208B Grand Caravan,None,SAEZ,SCJO,1:07,FALSE,FALSE,FALSE,TRUE,FALSE,FALSE,FALSE,FALSE,FALSE,1:07,0:00,0:16,ILS,2,None,0:00,0:49,0:00,1:07,0:00,0:00,0:00,Cessna 208B Grand Caravan SAEZ-SCJO training flight.,None,N/A,2024-02-26,2025-02-25 0:00:00,N/A,active
Rafael Ascanio,CL-PPL-00123,Chile,4/12/1990,PPL(A),DGAC Chile,6/15/2020,6/15/2026,7/13/2024,CC-LOQ,Pilatus PC-12,None,SCFA,SCDA,1:48,FALSE,FALSE,FALSE,TRUE,FALSE,FALSE,FALSE,FALSE,FALSE,1:48,0:00,0:27,ILS,1,None,0:00,0:03,1:48,1:48,0:00,0:00,0:00,Pilatus PC-12 SCFA-SCDA training flight.,None,N/A,2023-08-08,2024-08-07 0:00:00,N/A,active
María Valenzuela,CL-CPL-00456,Chile,10/3/1987,CPL(A) IR,DGAC Chile,9/1/2019,9/1/2025,5/7/2025,CC-XLM,Beechcraft King Air C90,None,SCFA,SPJC,1:53,FALSE,FALSE,FALSE,TRUE,FALSE,FALSE,FALSE,FALSE,FALSE,1:53,0:00,0:56,NDB,3,None,0:00,1:16,0:00,1:53,0:00,0:00,0:00,Beechcraft King Air C90 SCFA-SPJC training flight.,Type Rating Check,MedicalAuthority,2025-06-10,2027-02-28,Type Rating Check recorded for training block.,active
Javier Ríos,CL-ATPL-00789,Chile,1/25/1982,ATPL(A),DGAC Chile,3/20/2015,3/20/2027,7/22/2025,CC-TPA,Cessna 182T,Frasca FTD,SCAR,SCVD,3:00,FALSE,TRUE,FALSE,FALSE,FALSE,FALSE,FALSE,FALSE,FALSE,3:00,0:00,0:00,None,0,BasicInstrumentTrainer,0:17,2:09,0:00,3:00,0:00,0:00,0:00,Cessna 182T SCAR-SCVD training flight.,None,N/A,2022-10-15,2023-10-15 0:00:00,N/A,active
Camila Torres,CL-PPL-00234,Chile,8/19/1994,PPL(H),DGAC Chile,11/11/2021,11/11/2027,10/25/2024,CC-TEN,Schleicher ASK 21,Redbird FMX,SCJO,SCFA,3:04,FALSE,FALSE,FALSE,FALSE,FALSE,FALSE,TRUE,FALSE,FALSE,3:04,0:00,0:00,None,0,BasicInstrumentTrainer,0:28,0:12,0:00,3:04,0:00,0:00,0:00,Schleicher ASK 21 SCJO-SCFA training flight.,Biennial Flight Review,DGAC,2023-03-08,2024-12-28,Biennial Flight Review recorded for training block.,expired
Diego Fuentes,CL-CPL-00321,Chile,5/30/1989,CPL(A),DGAC Chile,1/10/2020,1/10/2026,3/19/2025,CC-WIS,Cessna 172N,None,SCFA,SCVD,1:39,FALSE,TRUE,FALSE,FALSE,FALSE,FALSE,FALSE,FALSE,FALSE,1:39,0:00,0:00,None,0,None,0:00,0:59,0:00,0:48,0:51,0:00,0:00,Cessna 172N SCFA-SCVD training flight.,None,N/A,2024-12-01,2025-12-01 0:00:00,N/A,active
Rafael Ascanio,CL-PPL-00123,Chile,4/12/1990,PPL(A),DGAC Chile,6/15/2020,6/15/2026,2/14/2025,CC-IIZ,Cessna 172N,Redbird FMX,SCIE,SCCI,2:30,FALSE,TRUE,FALSE,FALSE,FALSE,FALSE,FALSE,FALSE,FALSE,2:30,0:00,0:00,None,0,BasicInstrumentTrainer,0:57,1:09,0:00,0:19,0:00,2:11,2:11,Cessna 172N SCIE-SCCI training flight.,Type Rating Check,DGAC,2024-12-27,2025-08-19,Type Rating Check recorded for training block.,active
María Valenzuela,CL-CPL-00456,Chile,10/3/1987,CPL(A) IR,DGAC Chile,9/1/2019,9/1/2025,5/18/2025,CC-QTF,Cessna 182T,None,SCTE,SCDA,3:56,FALSE,TRUE,FALSE,FALSE,FALSE,FALSE,FALSE,FALSE,FALSE,3:56,0:00,1:58,RNAV,4,None,0:00,0:25,0:00,1:51,0:00,2:05,2:05,Cessna 182T SCTE-SCDA training flight.,Medical Certificate,DGAC,2023-05-09,2023-12-04,Medical Certificate recorded for training block.,suspended
Javier Ríos,CL-ATPL-00789,Chile,1/25/1982,ATPL(A),DGAC Chile,3/20/2015,3/20/2027,1/25/2025,CC-IAK,Robinson R44,None,SCAR,SCSE,2:24,FALSE,FALSE,FALSE,FALSE,FALSE,TRUE,FALSE,FALSE,FALSE,2:10,0:14,1:12,NDB,1,None,0:00,0:52,0:00,2:24,0:00,0:00,0:00,Robinson R44 SCAR-SCSE training flight.,None,N/A,2023-07-15,2024-07-14 0:00:00,N/A,active
Camila Torres,CL-PPL-00234,Chile,8/19/1994,PPL(H),DGAC Chile,11/11/2021,11/11/2027,5/8/2025,CC-NHV,Tecnam P92,Elite S923,SCJO,SCAR,0:44,FALSE,FALSE,FALSE,FALSE,FALSE,FALSE,FALSE,TRUE,FALSE,0:44,0:00,0:11,VOR,4,BasicInstrumentTrainer,0:26,0:21,0:00,0:44,0:00,0:00,0:00,Tecnam P92 SCJO-SCAR training flight.,None,N/A,2023-09-28,2024-09-27 0:00:00,N/A,active
Diego Fuentes,CL-CPL-00321,Chile,5/30/1989,CPL(A),DGAC Chile,1/10/2020,1/10/2026,6/18/2024,CC-WHU,Pilatus PC-12,None,SCIE,SCCF,0:54,FALSE,FALSE,FALSE,TRUE,FALSE,FALSE,FALSE,FALSE,FALSE,0:54,0:00,0:13,Visual,3,None,0:00,0:33,0:00,0:07,0:47,0:00,0:00,Pilatus PC-12 SCIE-SCCF training flight.,None,N/A,2022-09-08,2023-09-08 0:00:00,N/A,active
Rafael Ascanio,CL-PPL-00123,Chile,4/12/1990,PPL(A),DGAC Chile,6/15/2020,6/15/2026,8/17/2025,CC-WLM,Airbus H125,None,SCCF,SCCI,1:52,FALSE,FALSE,FALSE,FALSE,FALSE,TRUE,FALSE,FALSE,FALSE,1:52,0:00,0:00,None,0,None,0:00,0:50,0:00,1:52,0:00,0:00,0:00,Airbus H125 SCCF-SCCI training flight.,Type Rating Check,DGAC,2025-03-23,2026-08-14,Type Rating Check recorded for training block.,active
María Valenzuela,CL-CPL-00456,Chile,10/3/1987,CPL(A) IR,DGAC Chile,9/1/2019,9/1/2025,7/13/2025,CC-GUB,Cessna 182T,Frasca FTD,SCVD,SCJO,2:30,FALSE,TRUE,FALSE,FALSE,FALSE,FALSE,FALSE,FALSE,FALSE,2:30,0:00,0:00,None,0,FlightSimulator,0:13,0:02,0:00,1:11,0:00,1:19,1:19,Cessna 182T SCVD-SCJO training flight.,None,N/A,2024-11-01,2025-11-01 0:00:00,N/A,active
Javier Ríos,CL-ATPL-00789,Chile,1/25/1982,ATPL(A),DGAC Chile,3/20/2015,3/20/2027,11/26/2024,CC-MAN,Robinson R44,None,SCCI,SCCF,2:40,FALSE,FALSE,FALSE,FALSE,FALSE,TRUE,FALSE,FALSE,FALSE,2:40,0:00,0:00,None,0,None,0:00,1:26,2:40,2:40,0:00,0:00,0:00,Robinson R44 SCCI-SCCF training flight.,None,N/A,2023-03-27,2024-03-26 0:00:00,N/A,active
Camila Torres,CL-PPL-00234,Chile,8/19/1994,PPL(H),DGAC Chile,11/11/2021,11/11/2027,5/31/2024,CC-ADW,Cessna 182T,None,SCDA,SCSE,2:43,FALSE,TRUE,FALSE,FALSE,FALSE,FALSE,FALSE,FALSE,FALSE,2:11,0:32,0:00,None,0,None,0:00,0:23,0:00,2:43,0:00,0:00,0:00,Cessna 182T SCDA-SCSE training flight.,None,N/A,2025-04-21,2026-04-21 0:00:00,N/A,active
Diego Fuentes,CL-CPL-00321,Chile,5/30/1989,CPL(A),DGAC Chile,1/10/2020,1/10/2026,10/9/2023,CC-QWW,Cessna 182T,None,SAEZ,SCTE,3:22,FALSE,TRUE,FALSE,FALSE,FALSE,FALSE,FALSE,FALSE,FALSE,3:02,0:20,0:00,None,0,None,0:00,2:02,0:00,3:22,0:00,0:00,0:00,Cessna 182T SAEZ-SCTE training flight.,Biennial Flight Review,IOA,2025-05-29,2028-05-06,Biennial Flight Review recorded for training block.,suspended
Rafael Ascanio,CL-PPL-00123,Chile,4/12/1990,PPL(A),DGAC Chile,6/15/2020,6/15/2026,12/12/2023,CC-QXZ,Pilatus PC-12,None,SCVD,SCSE,1:59,FALSE,FALSE,FALSE,TRUE,FALSE,FALSE,FALSE,FALSE,FALSE,1:48,0:11,0:00,None,0,None,0:00,0:07,0:00,0:38,1:21,0:00,0:00,Pilatus PC-12 SCVD-SCSE training flight.,None,N/A,2025-02-07,2026-02-07 0:00:00,N/A,active
María Valenzuela,CL-CPL-00456,Chile,10/3/1987,CPL(A) IR,DGAC Chile,9/1/2019,9/1/2025,9/20/2024,CC-LSX,Robinson R44,None,SCEL,SCIE,0:34,FALSE,FALSE,FALSE,FALSE,FALSE,TRUE,FALSE,FALSE,FALSE,0:34,0:00,0:17,ILS,3,None,0:00,0:01,0:00,0:05,0:29,0:00,0:00,Robinson R44 SCEL-SCIE training flight.,None,N/A,2024-09-06,2025-09-06 0:00:00,N/A,active
Javier Ríos,CL-ATPL-00789,Chile,1/25/1982,ATPL(A),DGAC Chile,3/20/2015,3/20/2027,4/22/2025,CC-NOU,Beechcraft Baron 58,Redbird FMX,SCDA,SCAR,3:01,FALSE,FALSE,TRUE,FALSE,FALSE,FALSE,FALSE,FALSE,FALSE,3:01,0:00,0:45,NDB,2,BasicInstrumentTrainer,1:18,0:34,0:00,3:01,0:00,0:00,0:00,Beechcraft Baron 58 SCDA-SCAR training flight.,None,N/A,2025-06-18,2026-06-18 0:00:00,N/A,active
Camila Torres,CL-PPL-00234,Chile,8/19/1994,PPL(H),DGAC Chile,11/11/2021,11/11/2027,7/27/2025,CC-QLR,Cessna 182T,None,SPJC,SCJO,2:46,FALSE,TRUE,FALSE,FALSE,FALSE,FALSE,FALSE,FALSE,FALSE,2:46,0:00,0:00,None,0,None,0:00,0:01,0:00,0:15,0:00,2:31,2:31,Cessna 182T SPJC-SCJO training flight.,None,N/A,2024-04-14,2025-04-14 0:00:00,N/A,active
Diego Fuentes,CL-CPL-00321,Chile,5/30/1989,CPL(A),DGAC Chile,1/10/2020,1/10/2026,12/13/2024,CC-LIP,Pilatus PC-12,None,SCBA,SCIE,1:29,FALSE,FALSE,FALSE,TRUE,FALSE,FALSE,FALSE,FALSE,FALSE,1:29,0:00,0:00,None,0,None,0:00,0:54,0:00,1:29,0:00,0:00,0:00,Pilatus PC-12 SCBA-SCIE training flight.,None,N/A,2024-01-28,2025-01-27 0:00:00,N/A,active
Rafael Ascanio,CL-PPL-00123,Chile,4/12/1990,PPL(A),DGAC Chile,6/15/2020,6/15/2026,4/13/2025,CC-ZWC,Schleicher ASK 21,None,SCIE,SCBA,1:58,FALSE,FALSE,FALSE,FALSE,FALSE,FALSE,TRUE,FALSE,FALSE,1:58,0:00,0:00,None,0,None,0:00,0:14,0:00,1:58,0:00,0:00,0:00,Schleicher ASK 21 SCIE-SCBA training flight.,None,N/A,2024-09-07,2025-09-07 0:00:00,N/A,active
María Valenzuela,CL-CPL-00456,Chile,10/3/1987,CPL(A) IR,DGAC Chile,9/1/2019,9/1/2025,5/15/2025,CC-AVK,Diamond DA40,None,SCEL,SCBA,3:02,FALSE,TRUE,FALSE,FALSE,FALSE,FALSE,FALSE,FALSE,FALSE,3:02,0:00,0:00,None,0,None,0:00,1:19,0:00,3:02,0:00,0:00,0:00,Diamond DA40 SCEL-SCBA training flight.,None,N/A,2022-12-12,2023-12-12 0:00:00,N/A,active
Javier Ríos,CL-ATPL-00789,Chile,1/25/1982,ATPL(A),DGAC Chile,3/20/2015,3/20/2027,7/28/2025,CC-UFU,Airbus H125,Redbird FMX,SCAR,SCVD,1:36,FALSE,FALSE,FALSE,FALSE,FALSE,TRUE,FALSE,FALSE,FALSE,1:36,0:00,0:00,None,0,BasicInstrumentTrainer,0:24,0:09,0:00,0:21,0:00,1:15,1:15,Airbus H125 SCAR-SCVD training flight.,None,N/A,2024-01-29,2025-01-28 0:00:00,N/A,active
Camila Torres,CL-PPL-00234,Chile,8/19/1994,PPL(H),DGAC Chile,11/11/2021,11/11/2027,12/4/2023,CC-QXQ,Robinson R44,None,SCFA,SAEZ,3:34,FALSE,FALSE,FALSE,FALSE,FALSE,TRUE,FALSE,FALSE,FALSE,3:34,0:00,0:00,None,0,None,0:00,2:17,0:00,0:14,0:00,3:20,3:20,Robinson R44 SCFA-SAEZ training flight.,Biennial Flight Review,Instructor,2024-09-19,2027-04-06,Biennial Flight Review recorded for training block.,active
Diego Fuentes,CL-CPL-00321,Chile,5/30/1989,CPL(A),DGAC Chile,1/10/2020,1/10/2026,1/28/2025,CC-TED,Tecnam P92,None,SCTE,SCCF,1:07,FALSE,FALSE,FALSE,FALSE,FALSE,FALSE,FALSE,TRUE,FALSE,1:07,0:00,0:00,None,0,None,0:00,0:40,0:00,1:07,0:00,0:00,0:00,Tecnam P92 SCTE-SCCF training flight.,None,N/A,2025-08-25,2026-08-25 0:00:00,N/A,active
Rafael Ascanio,CL-PPL-00123,Chile,4/12/1990,PPL(A),DGAC Chile,6/15/2020,6/15/2026,7/26/2025,CC-GVM,Bristell B23,None,SPJC,SCFA,1:37,FALSE,FALSE,FALSE,FALSE,FALSE,FALSE,FALSE,TRUE,FALSE,1:28,0:09,0:24,RNAV,1,None,0:00,1:00,0:00,1:37,0:00,0:00,0:00,Bristell B23 SPJC-SCFA training flight.,Biennial Flight Review,Instructor,2023-06-18,2026-01-25,Biennial Flight Review recorded for training block.,active
María Valenzuela,CL-CPL-00456,Chile,10/3/1987,CPL(A) IR,DGAC Chile,9/1/2019,9/1/2025,7/22/2025,CC-ZUJ,Airbus H125,None,SPJC,SCIE,0:40,FALSE,FALSE,FALSE,FALSE,FALSE,TRUE,FALSE,FALSE,FALSE,0:32,0:08,0:00,None,0,None,0:00,0:18,0:00,0:02,0:38,0:00,0:00,Airbus H125 SPJC-SCIE training flight.,Solo Endorsement,IOA,2023-05-14,2025-02-17,Solo Endorsement recorded for training block.,expired
Javier Ríos,CL-ATPL-00789,Chile,1/25/1982,ATPL(A),DGAC Chile,3/20/2015,3/20/2027,12/28/2024,CC-PVY,Airbus H125,None,SCSE,SCVD,3:59,FALSE,FALSE,FALSE,FALSE,FALSE,TRUE,FALSE,FALSE,FALSE,3:59,0:00,0:00,None,0,None,0:00,0:27,0:00,0:10,3:49,0:00,0:00,Airbus H125 SCSE-SCVD training flight.,None,N/A,2023-12-25,2024-12-24 0:00:00,N/A,active
Camila Torres,CL-PPL-00234,Chile,8/19/1994,PPL(H),DGAC Chile,11/11/2021,11/11/2027,12/31/2023,CC-IPQ,Tecnam P2008,Frasca FTD,SCBA,SCJO,2:15,TRUE,TRUE,FALSE,FALSE,FALSE,FALSE,FALSE,FALSE,FALSE,2:02,0:13,0:00,None,0,FlightSimulator,1:00,0:25,2:15,2:15,0:00,0:00,0:00,Tecnam P2008 SCBA-SCJO training flight.,None,N/A,2024-12-17,2025-12-17 0:00:00,N/A,active
Diego Fuentes,CL-CPL-00321,Chile,5/30/1989,CPL(A),DGAC Chile,1/10/2020,1/10/2026,7/20/2025,CC-HMC,Cessna 172N,Elite S923,SCTE,SCDA,1:15,FALSE,TRUE,FALSE,FALSE,FALSE,FALSE,FALSE,FALSE,FALSE,1:15,0:00,0:00,None,0,FlightSimulator,1:06,0:36,0:00,1:15,0:00,0:00,0:00,Cessna 172N SCTE-SCDA training flight.,None,N/A,2024-10-01,2025-10-01 0:00:00,N/A,active
Rafael Ascanio,CL-PPL-00123,Chile,4/12/1990,PPL(A),DGAC Chile,6/15/2020,6/15/2026,5/25/2025,CC-PSX,Tecnam P92,None,SCBA,SCSE,3:24,FALSE,FALSE,FALSE,FALSE,FALSE,FALSE,FALSE,TRUE,FALSE,3:24,0:00,0:00,None,0,None,0:00,1:42,0:00,3:24,0:00,0:00,0:00,Tecnam P92 SCBA-SCSE training flight.,None,N/A,2025-06-01,2026-06-01 0:00:00,N/A,active
María Valenzuela,CL-CPL-00456,Chile,10/3/1987,CPL(A) IR,DGAC Chile,9/1/2019,9/1/2025,8/5/2025,CC-AJL,Piper PA-34 Seneca,None,SCAR,SCIE,1:44,FALSE,FALSE,TRUE,FALSE,FALSE,FALSE,FALSE,FALSE,FALSE,1:24,0:20,0:00,None,0,None,0:00,0:12,0:00,1:44,0:00,0:00,0:00,Piper PA-34 Seneca SCAR-SCIE training flight.,None,N/A,2023-03-25,2024-03-24 0:00:00,N/A,active
Javier Ríos,CL-ATPL-00789,Chile,1/25/1982,ATPL(A),DGAC Chile,3/20/2015,3/20/2027,5/9/2024,CC-BHZ,Diamond DA40,None,SAEZ,SCJO,3:31,FALSE,TRUE,FALSE,FALSE,FALSE,FALSE,FALSE,FALSE,FALSE,3:31,0:00,0:00,None,0,None,0:00,0:15,0:00,0:39,2:52,0:00,0:00,Diamond DA40 SAEZ-SCJO training flight.,Solo Endorsement,IE,2022-10-16,2023-06-04,Solo Endorsement recorded for training block.,expired
Camila Torres,CL-PPL-00234,Chile,8/19/1994,PPL(H),DGAC Chile,11/11/2021,11/11/2027,1/29/2024,CC-BTF,Ozone Delta 4 (Paraglider),Elite S923,SCAR,SCFA,1:18,FALSE,FALSE,FALSE,FALSE,FALSE,FALSE,FALSE,FALSE,TRUE,1:18,0:00,0:39,Visual,1,FTD,1:12,0:07,0:00,0:37,0:41,0:00,0:00,Ozone Delta 4 (Paraglider) SCAR-SCFA training flight.,None,N/A,2024-03-23,2025-03-23 0:00:00,N/A,active
Diego Fuentes,CL-CPL-00321,Chile,5/30/1989,CPL(A),DGAC Chile,1/10/2020,1/10/2026,5/31/2024,CC-UCW,Ozone Delta 4 (Paraglider),None,SCDA,SCEL,2:32,FALSE,FALSE,FALSE,FALSE,FALSE,FALSE,FALSE,FALSE,TRUE,2:17,0:15,0:00,None,0,None,0:00,1:20,0:00,0:32,0:00,2:00,2:00,Ozone Delta 4 (Paraglider) SCDA-SCEL training flight.,IFR Currency Check,IE,2024-06-27,2025-01-09,IFR Currency Check recorded for training block.,active
Rafael Ascanio,CL-PPL-00123,Chile,4/12/1990,PPL(A),DGAC Chile,6/15/2020,6/15/2026,4/16/2024,CC-NTM,Cessna 182T,None,SPJC,SCCF,2:24,FALSE,TRUE,FALSE,FALSE,FALSE,FALSE,FALSE,FALSE,FALSE,2:24,0:00,0:00,None,0,None,0:00,1:31,0:00,2:24,0:00,0:00,0:00,Cessna 182T SPJC-SCCF training flight.,Type Rating Check,MedicalAuthority,2023-04-14,2025-01-15,Type Rating Check recorded for training block.,suspended
María Valenzuela,CL-CPL-00456,Chile,10/3/1987,CPL(A) IR,DGAC Chile,9/1/2019,9/1/2025,10/18/2024,CC-SXR,Bristell B23,None,SCFA,SCTE,3:06,FALSE,FALSE,FALSE,FALSE,FALSE,FALSE,FALSE,TRUE,FALSE,3:06,0:00,0:46,ILS,1,None,0:00,0:19,0:00,0:02,0:00,3:04,3:04,Bristell B23 SCFA-SCTE training flight.,None,N/A,2025-05-10,2026-05-10 0:00:00,N/A,active
Javier Ríos,CL-ATPL-00789,Chile,1/25/1982,ATPL(A),DGAC Chile,3/20/2015,3/20/2027,6/3/2025,CC-MXB,Beechcraft Baron 58,None,SCSE,SCIE,2:44,FALSE,FALSE,TRUE,FALSE,FALSE,FALSE,FALSE,FALSE,FALSE,2:44,0:00,0:00,None,0,None,0:00,1:55,0:00,2:44,0:00,0:00,0:00,Beechcraft Baron 58 SCSE-SCIE training flight.,Type Rating Check,IE,2023-01-15,2023-11-20,Type Rating Check recorded for training block.,expired
Camila Torres,CL-PPL-00234,Chile,8/19/1994,PPL(H),DGAC Chile,11/11/2021,11/11/2027,7/4/2025,CC-JPH,Embraer Phenom 300,None,SCTE,SCBA,1:36,FALSE,FALSE,FALSE,FALSE,TRUE,FALSE,FALSE,FALSE,FALSE,1:27,0:09,0:24,NDB,1,None,0:00,0:18,0:00,0:10,1:26,0:00,0:00,Embraer Phenom 300 SCTE-SCBA training flight.,None,N/A,2023-04-25,2024-04-24 0:00:00,N/A,active
Diego Fuentes,CL-CPL-00321,Chile,5/30/1989,CPL(A),DGAC Chile,1/10/2020,1/10/2026,7/19/2024,CC-LXK,Cessna Citation M2,None,SAEZ,SCJO,3:14,FALSE,FALSE,FALSE,FALSE,TRUE,FALSE,FALSE,FALSE,FALSE,3:14,0:00,0:00,None,0,None,0:00,2:11,0:00,0:15,0:00,2:59,2:59,Cessna Citation M2 SAEZ-SCJO training flight.,Biennial Flight Review,DGAC,2023-03-16,2024-07-28,Biennial Flight Review recorded for training block.,expired
Rafael Ascanio,CL-PPL-00123,Chile,4/12/1990,PPL(A),DGAC Chile,6/15/2020,6/15/2026,9/18/2024,CC-YRM,Embraer Phenom 300,None,SCSE,SCDA,2:56,FALSE,FALSE,FALSE,FALSE,TRUE,FALSE,FALSE,FALSE,FALSE,2:56,0:00,0:00,None,0,None,0:00,0:12,0:00,2:56,0:00,0:00,0:00,Embraer Phenom 300 SCSE-SCDA training flight.,Solo Endorsement,DGAC,2023-03-19,2025-10-16,Solo Endorsement recorded for training block.,suspended
María Valenzuela,CL-CPL-00456,Chile,10/3/1987,CPL(A) IR,DGAC Chile,9/1/2019,9/1/2025,6/23/2024,CC-POI,Schleicher ASK 21,None,SCSE,SCJO,2:28,FALSE,FALSE,FALSE,FALSE,FALSE,FALSE,TRUE,FALSE,FALSE,2:28,0:00,0:37,RNAV,4,None,0:00,1:23,0:00,2:28,0:00,0:00,0:00,Schleicher ASK 21 SCSE-SCJO training flight.,None,N/A,2022-12-17,2023-12-17 0:00:00,N/A,active
Javier Ríos,CL-ATPL-00789,Chile,1/25/1982,ATPL(A),DGAC Chile,3/20/2015,3/20/2027,8/26/2024,CC-CNE,Cessna 208B Grand Caravan,None,SCJO,SCAR,1:55,FALSE,FALSE,FALSE,TRUE,FALSE,FALSE,FALSE,FALSE,FALSE,1:44,0:11,0:00,None,0,None,0:00,0:10,0:00,1:55,0:00,0:00,0:00,Cessna 208B Grand Caravan SCJO-SCAR training flight.,None,N/A,2023-04-12,2024-04-11 0:00:00,N/A,active
Camila Torres,CL-PPL-00234,Chile,8/19/1994,PPL(H),DGAC Chile,11/11/2021,11/11/2027,5/18/2025,CC-CHF,DG-1000,None,SCIE,SCCI,3:58,FALSE,FALSE,FALSE,FALSE,FALSE,FALSE,TRUE,FALSE,FALSE,3:58,0:00,0:00,None,0,None,0:00,1:31,0:00,0:02,0:00,3:56,3:56,DG-1000 SCIE-SCCI training flight.,None,N/A,2022-10-26,2023-10-26 0:00:00,N/A,active
Diego Fuentes,CL-CPL-00321,Chile,5/30/1989,CPL(A),DGAC Chile,1/10/2020,1/10/2026,6/12/2025,CC-AHT,Tecnam P92,None,SCCF,SCIE,2:18,FALSE,FALSE,FALSE,FALSE,FALSE,FALSE,FALSE,TRUE,FALSE,2:18,0:00,0:34,ILS,2,None,0:00,1:48,0:00,2:18,0:00,0:00,0:00,Tecnam P92 SCCF-SCIE training flight.,Night Endorsement,MedicalAuthority,2024-12-01,2025-08-09,Night Endorsement recorded for training block.,active
Rafael Ascanio,CL-PPL-00123,Chile,4/12/1990,PPL(A),DGAC Chile,6/15/2020,6/15/2026,4/6/2025,CC-TFK,Ozone Delta 4 (Paraglider),None,SCCF,SCDA,3:14,FALSE,FALSE,FALSE,FALSE,FALSE,FALSE,FALSE,FALSE,TRUE,3:14,0:00,0:48,RNAV,3,None,0:00,1:14,3:14,3:14,0:00,0:00,0:00,Ozone Delta 4 (Paraglider) SCCF-SCDA training flight.,None,N/A,2024-06-28,2025-06-28 0:00:00,N/A,active
María Valenzuela,CL-CPL-00456,Chile,10/3/1987,CPL(A) IR,DGAC Chile,9/1/2019,9/1/2025,5/16/2025,CC-ETB,Pilatus PC-12,None,SCSE,SCCF,3:17,FALSE,FALSE,FALSE,TRUE,FALSE,FALSE,FALSE,FALSE,FALSE,3:17,0:00,0:49,NDB,4,None,0:00,2:38,0:00,3:17,0:00,0:00,0:00,Pilatus PC-12 SCSE-SCCF training flight.,None,N/A,2025-05-24,2026-05-24 0:00:00,N/A,active
Javier Ríos,CL-ATPL-00789,Chile,1/25/1982,ATPL(A),DGAC Chile,3/20/2015,3/20/2027,7/14/2024,CC-FNI,Piper PA-34 Seneca,None,SCSE,SCCF,1:15,FALSE,FALSE,TRUE,FALSE,FALSE,FALSE,FALSE,FALSE,FALSE,1:15,0:00,0:00,None,0,None,0:00,0:49,0:00,1:15,0:00,0:00,0:00,Piper PA-34 Seneca SCSE-SCCF training flight.,Medical Certificate,MedicalAuthority,2025-05-26,2027-05-15,Medical Certificate recorded for training block.,suspended
Camila Torres,CL-PPL-00234,Chile,8/19/1994,PPL(H),DGAC Chile,11/11/2021,11/11/2027,8/3/2024,CC-ZBF,Cessna 182T,None,SCAR,SAEZ,1:09,FALSE,TRUE,FALSE,FALSE,FALSE,FALSE,FALSE,FALSE,FALSE,1:09,0:00,0:34,VOR,3,None,0:00,1:00,0:00,1:09,0:00,0:00,0:00,Cessna 182T SCAR-SAEZ training flight.,None,N/A,2024-04-17,2025-04-17 0:00:00,N/A,active
Diego Fuentes,CL-CPL-00321,Chile,5/30/1989,CPL(A),DGAC Chile,1/10/2020,1/10/2026,10/16/2023,CC-TEJ,Cessna 182T,Frasca FTD,SCVD,SCAR,2:59,FALSE,TRUE,FALSE,FALSE,FALSE,FALSE,FALSE,FALSE,FALSE,2:42,0:17,0:00,None,0,BasicInstrumentTrainer,0:29,2:24,0:00,0:05,0:00,2:54,2:54,Cessna 182T SCVD-SCAR training flight.,Medical Certificate,IOA,2023-01-28,2024-09-05,Medical Certificate recorded for training block.,suspended
Sofia Rojas,CL987654PPL,Chilean,5/12/1999,PPL,DGAC Chile,4/15/2025,4/15/2030,11/5/2024,CC-PZA,Cessna 172S,,SCTB,SCTB,1:30,TRUE,FALSE,FALSE,FALSE,TRUE,TRUE,TRUE,TRUE,FALSE,1:30,0:00,0:00,,0,,,0:00,0:00,0:00,0:00,1:30,0:00,Pre-flight maneuvers practice,Medical Class 2,DGAC Chile,2024-09-20,2026-09-20,Aeronautical Medical Certificate Class 2,Active
Sofia Rojas,CL987654PPL,Chilean,5/12/1999,PPL,DGAC Chile,4/15/2025,4/15/2030,11/8/2024,CC-PZA,Cessna 172S,,SCTB,SCTB,1:15,FALSE,TRUE,TRUE,TRUE,FALSE,TRUE,TRUE,TRUE,TRUE,1:15,0:00,0:00,,0,,,0:00,0:00,0:00,1:15,0:00,0:00,0:00,"Circuits and landings, touch and go",Medical Class 2,DGAC Chile,2024-09-20,2026-09-20,Aeronautical Medical Certificate Class 2
Sofia Rojas,CL987654PPL,Chilean,5/12/1999,PPL,DGAC Chile,4/15/2025,4/15/2030,11/12/2024,CC-PZA,Cessna 172S,,SCTB,SCSC,2:10,TRUE,TRUE,TRUE,FALSE,TRUE,FALSE,TRUE,FALSE,FALSE,2:10,0:00,0:00,,0,,,0:00,2:10,2:10,2:10,0:00,0:00,0:00,First solo cross-country flight,Medical Class 2,DGAC Chile,2024-09-20,2026-09-20,Aeronautical Medical Certificate Class 2
Sofia Rojas,CL987654PPL,Chilean,5/12/1999,PPL,DGAC Chile,4/15/2025,4/15/2030,11/13/2024,CC-PZA,Cessna 172S,,SCSC,SCTB,2:05,FALSE,FALSE,TRUE,TRUE,FALSE,TRUE,TRUE,TRUE,TRUE,2:05,0:00,0:00,,0,,,0:00,2:05,2:05,2:05,0:00,0:00,0:00,Return leg of first solo XC,Medical Class 2,DGAC Chile,2024-09-20,2026-09-20,Aeronautical Medical Certificate Class 2
Sofia Rojas,CL987654PPL,Chilean,5/12/1999,PPL,DGAC Chile,4/15/2025,4/15/2030,11/18/2024,CC-PZA,Cessna 172S,,SCTB,SCTB,1:45,FALSE,TRUE,TRUE,FALSE,TRUE,TRUE,TRUE,TRUE,FALSE,1:00,0:45,0:45,VOR,1,,,0:00,0:00,0:00,0:00,1:45,0:00,Instrument training under the hood,Medical Class 2,DGAC Chile,2024-09-20,2026-09-20,Aeronautical Medical Certificate Class 2,Active
Sofia Rojas,CL987654PPL,Chilean,5/12/1999,PPL,DGAC Chile,4/15/2025,4/15/2030,11/22/2024,CC-PZA,Cessna 172S,,SCTB,SCEL,1:25,FALSE,TRUE,FALSE,FALSE,TRUE,FALSE,FALSE,FALSE,FALSE,1:25,0:00,0:00,,0,,,0:00,1:25,0:00,0:00,1:25,0:00,XC flight with instructor to major airport,Medical Class 2,DGAC Chile,2024-09-20,2026-09-20,Aeronautical Medical Certificate Class 2,Active
Sofia Rojas,CL987654PPL,Chilean,5/12/1999,PPL,DGAC Chile,4/15/2025,4/15/2030,11/28/2024,CC-PZA,Cessna 172S,,SCTB,SCTB,2:00,TRUE,FALSE,TRUE,TRUE,TRUE,FALSE,FALSE,FALSE,FALSE,0:20,1:40,0:00,,0,,,0:00,0:00,0:00,2:00,0:00,0:00,Night flying with passenger,Medical Class 2,DGAC Chile,2024-09-20,2026-09-20,Aeronautical Medical Certificate Class 2,Active
Sofia Rojas,CL987654PPL,Chilean,5/12/1999,PPL,DGAC Chile,4/15/2025,4/15/2030,12/4/2024,CC-PZA,Cessna 172S,,SCTB,SCTB,1:50,TRUE,FALSE,FALSE,FALSE,TRUE,TRUE,FALSE,TRUE,TRUE,1:50,0:00,0:00,,0,,,0:00,0:00,0:00,0:00,1:50,0:00,PPL Checkride Preparation,Medical Class 2,DGAC Chile,2024-09-20,2026-09-20,Aeronautical Medical Certificate Class 2,Active
Sofia Rojas,CL987654PPL,Chilean,5/12/1999,PPL,DGAC Chile,4/15/2025,4/15/2030,12/10/2024,CC-PZA,Cessna 172S,,SCTB,SCTB,2:30,FALSE,TRUE,FALSE,TRUE,FALSE,FALSE,FALSE,TRUE,TRUE,2:30,0:00,0:00,,0,,,0:00,0:00,0:00,2:30,0:00,0:00,PPL Practical Exam - PASSED,Medical Class 2,DGAC Chile,2024-09-20,2026-09-20,Aeronautical Medical Certificate Class 2,Active
Matias Torres,CL564321CPL,Chilean,11/20/1992,CPL,DGAC Chile,8/1/2020,8/1/2026,1/15/2025,CC-PZB,Cessna 172N,,SCEL,SCEL,1:45,FALSE,FALSE,FALSE,TRUE,TRUE,FALSE,FALSE,TRUE,FALSE,1:45,0:00,0:00,,0,,,0:00,0:00,0:00,0:00,0:00,1:45,Instructional flight,CPL student,Medical Class 1,DGAC Chile,2025-01-10,2026-01-10,Aeronautical Medical Certificate Class 1
Matias Torres,CL564321CPL,Chilean,11/20/1992,CPL,DGAC Chile,8/1/2020,8/1/2026,1/17/2025,CC-PZB,Cessna 172N,,SCEL,SCSE,2:20,FALSE,FALSE,TRUE,TRUE,TRUE,FALSE,TRUE,FALSE,TRUE,2:20,0:00,0:00,,0,,,0:00,2:20,0:00,0:00,0:00,2:20,Instructional XC flight,Medical Class 1,DGAC Chile,2025-01-10,2026-01-10,Aeronautical Medical Certificate Class 1,Active
Matias Torres,CL564321CPL,Chilean,11/20/1992,CPL,DGAC Chile,8/1/2020,8/1/2026,1/17/2025,CC-PZB,Cessna 172N,,SCSE,SCEL,2:15,FALSE,FALSE,FALSE,FALSE,TRUE,FALSE,TRUE,TRUE,FALSE,2:15,0:00,0:00,,0,,,0:00,2:15,0:00,0:00,0:00,2:15,Instructional XC flight,return,Medical Class 1,DGAC Chile,2025-01-10,2026-01-10,Aeronautical Medical Certificate Class 1
Matias Torres,CL564321CPL,Chilean,11/20/1992,CPL,DGAC Chile,8/1/2020,8/1/2026,1/20/2025,CC-DTF,Piper PA-44 Seminole,,SCEL,SCEL,1:30,TRUE,TRUE,FALSE,FALSE,FALSE,FALSE,TRUE,TRUE,FALSE,1:30,0:00,0:45,ILS,1,,,0:00,0:00,0:00,1:30,0:00,0:00,MEP Currency Flight,Medical Class 1,DGAC Chile,2025-01-10,2026-01-10,Aeronautical Medical Certificate Class 1,Active
Matias Torres,CL564321CPL,Chilean,11/20/1992,CPL,DGAC Chile,8/1/2020,8/1/2026,1/22/2025,CC-PZB,Cessna 172N,,SCEL,SCEL,2:00,FALSE,TRUE,TRUE,FALSE,TRUE,FALSE,FALSE,FALSE,FALSE,0:15,1:45,0:00,,0,,,0:00,0:00,0:00,0:00,0:00,2:00,Night instruction,PPL student,Medical Class 1,DGAC Chile,2025-01-10,2026-01-10,Aeronautical Medical Certificate Class 1
Matias Torres,CL564321CPL,Chilean,11/20/1992,CPL,DGAC Chile,8/1/2020,8/1/2026,1/25/2025,CC-POL,FNPT II Mechtronix,,SCEL,SCEL,1:00,TRUE,TRUE,TRUE,FALSE,TRUE,TRUE,FALSE,FALSE,FALSE,0:00,0:00,0:00,2:00,RNAV,3,FNPT II,2:00,0:00,0:00,0:00,0:00,2:00,Instrument instruction,sim session,Medical Class 1,DGAC Chile,2025-01-10,2026-01-10,Aeronautical Medical Certificate Class 1
Matias Torres,CL564321CPL,Chilean,11/20/1992,CPL,DGAC Chile,8/1/2020,8/1/2026,1/28/2025,CC-DTF,Piper PA-44 Seminole,,SCEL,SCDA,1:55,FALSE,TRUE,TRUE,FALSE,FALSE,TRUE,TRUE,TRUE,TRUE,1:55,0:00,0:00,,0,,,0:00,1:55,0:00,1:55,0:00,0:00,Commercial flight,aerial photography,Medical Class 1,DGAC Chile,2025-01-10,2026-01-10,Aeronautical Medical Certificate Class 1
Matias Torres,CL564321CPL,Chilean,11/20/1992,CPL,DGAC Chile,8/1/2020,8/1/2026,1/28/2025,CC-DTF,Piper PA-44 Seminole,,SCDA,SCEL,1:50,FALSE,FALSE,FALSE,FALSE,TRUE,TRUE,TRUE,TRUE,FALSE,1:50,0:00,0:00,,0,,,0:00,1:50,0:00,1:50,0:00,0:00,Return leg from photo flight,Medical Class 1,DGAC Chile,2025-01-10,2026-01-10,Aeronautical Medical Certificate Class 1,Active
Matias Torres,CL564321CPL,Chilean,11/20/1992,CPL,DGAC Chile,8/1/2020,8/1/2026,2/3/2025,CC-PZB,Cessna 172N,,SCEL,SCEL,1:30,TRUE,TRUE,TRUE,FALSE,TRUE,FALSE,FALSE,FALSE,TRUE,1:30,0:00,0:00,,0,,,0:00,0:00,0:00,0:00,0:00,1:30,Instruction,emergency procedures,Medical Class 1,DGAC Chile,2025-01-10,2026-01-10,Aeronautical Medical Certificate Class 1
Matias Torres,CL564321CPL,Chilean,11/20/1992,CPL,DGAC Chile,8/1/2020,8/1/2026,2/5/2025,CC-DTF,Piper PA-44 Seminole,,SCEL,SCEL,2:00,TRUE,TRUE,TRUE,FALSE,TRUE,FALSE,TRUE,TRUE,TRUE,2:00,0:00,1:30,ILS,2,,,0:00,0:00,0:00,0:00,0:00,2:00,Multi-engine IFR instruction,Medical Class 1,DGAC Chile,2025-01-10,2026-01-10,Aeronautical Medical Certificate Class 1,Active
Isabella Costa,BR852369ATPL,Brazilian,3/25/1995,ATPL,ANAC Brazil,7/11/2023,7/11/2028,2/10/2025,CC-BAS,Airbus A320neo,,SCEL,SPJC,3:45,FALSE,TRUE,TRUE,FALSE,TRUE,FALSE,FALSE,TRUE,TRUE,0:30,3:15,3:45,RNAV,1,,,0:00,3:45,0:00,0:00,3:45,0:00,Scheduled flight LA642,Type Rating A320,DGAC Chile,2023-09-01,2026-09-01,Airbus A320 Family Type Rating,Active
Isabella Costa,BR852369ATPL,Brazilian,3/25/1995,ATPL,ANAC Brazil,7/11/2023,7/11/2028,2/10/2025,CC-BAS,Airbus A320neo,,SPJC,SCEL,3:30,FALSE,FALSE,FALSE,FALSE,FALSE,TRUE,TRUE,TRUE,FALSE,0:00,3:30,3:30,ILS,1,,,0:00,3:30,0:00,0:00,3:30,0:00,Scheduled flight LA643,Type Rating A320,DGAC Chile,2023-09-01,2026-09-01,Airbus A320 Family Type Rating,Active
Isabella Costa,BR852369ATPL,Brazilian,3/25/1995,ATPL,ANAC Brazil,7/11/2023,7/11/2028,2/12/2025,CC-BAW,Airbus A321,,SCEL,SCDA,0:55,FALSE,TRUE,TRUE,TRUE,FALSE,FALSE,FALSE,TRUE,TRUE,0:55,0:00,0:55,RNAV,1,,,0:00,0:55,0:00,0:00,0:55,0:00,Scheduled flight LA112,Type Rating A320,DGAC Chile,2023-09-01,2026-09-01,Airbus A320 Family Type Rating,Active
Isabella Costa,BR852369ATPL,Brazilian,3/25/1995,ATPL,ANAC Brazil,7/11/2023,7/11/2028,2/12/2025,CC-BAW,Airbus A321,,SCDA,SCEL,0:50,FALSE,FALSE,TRUE,TRUE,FALSE,FALSE,TRUE,FALSE,FALSE,0:50,0:00,0:50,ILS,1,,,0:00,0:50,0:00,0:00,0:50,0:00,Scheduled flight LA113,Type Rating A320,DGAC Chile,2023-09-01,2026-09-01,Airbus A320 Family Type Rating,Active
Isabella Costa,BR852369ATPL,Brazilian,3/25/1995,ATPL,ANAC Brazil,7/11/2023,7/11/2028,2/14/2025,CC-BAT,Airbus A320neo,,SCEL,SAEZ,2:05,FALSE,FALSE,TRUE,FALSE,TRUE,FALSE,TRUE,FALSE,FALSE,2:05,0:00,2:05,ILS,1,,,0:00,2:05,0:00,0:00,2:05,0:00,Scheduled flight LA465,Type Rating A320,DGAC Chile,2023-09-01,2026-09-01,Airbus A320 Family Type Rating,Active
Isabella Costa,BR852369ATPL,Brazilian,3/25/1995,ATPL,ANAC Brazil,7/11/2023,7/11/2028,2/15/2025,CC-BAT,Airbus A320neo,,SAEZ,SCEL,2:10,TRUE,TRUE,TRUE,FALSE,TRUE,FALSE,TRUE,FALSE,TRUE,2:10,0:00,2:10,RNAV,1,,,0:00,2:10,0:00,0:00,2:10,0:00,Scheduled flight LA464,Type Rating A320,DGAC Chile,2023-09-01,2026-09-01,Airbus A320 Family Type Rating,Active
Isabella Costa,BR852369ATPL,Brazilian,3/25/1995,ATPL,ANAC Brazil,7/11/2023,7/11/2028,2/18/2025,CC-BAR,Airbus A320,,SCEL,SBGR,3:25,TRUE,TRUE,FALSE,FALSE,FALSE,TRUE,FALSE,TRUE,TRUE,3:25,0:00,3:25,ILS,1,,,0:00,3:25,0:00,0:00,3:25,0:00,Scheduled flight LA750,Type Rating A320,DGAC Chile,2023-09-01,2026-09-01,Airbus A320 Family Type Rating,Active
Isabella Costa,BR852369ATPL,Brazilian,3/25/1995,ATPL,ANAC Brazil,7/11/2023,7/11/2028,2/18/2025,CC-BAR,Airbus A320,,SBGR,SCEL,3:40,TRUE,FALSE,FALSE,TRUE,FALSE,TRUE,TRUE,FALSE,FALSE,0:00,3:40,3:40,ILS,1,,,0:00,3:40,0:00,0:00,3:40,0:00,Scheduled flight LA751,Type Rating A320,DGAC Chile,2023-09-01,2026-09-01,Airbus A320 Family Type Rating,Active
Isabella Costa,BR852369ATPL,Brazilian,3/25/1995,ATPL,ANAC Brazil,7/11/2023,7/11/2028,2/21/2025,,,A320 FFS CAE,,SCEL,SCEL,TRUE,TRUE,FALSE,FALSE,TRUE,TRUE,TRUE,TRUE,FALSE,0:00,0:00,0:00,4:00,"ILS, VOR",4,FFS,4:00,0:00,0:00,0:00,4:00,0:00,Recurrent simulator training,Type Rating A320,DGAC Chile,2023-09-01,2026-09-01,Airbus A320 Family Type Rating,Active
Isabella Costa,BR852369ATPL,Brazilian,3/25/1995,ATPL,ANAC Brazil,7/11/2023,7/11/2028,2/24/2025,CC-BAV,Airbus A320neo,,SCEL,KMIA,8:10,FALSE,FALSE,FALSE,FALSE,FALSE,TRUE,TRUE,FALSE,FALSE,1:30,6:40,8:10,RNAV,1,,,0:00,8:10,0:00,0:00,8:10,0:00,Scheduled flight LA500,Type Rating A320,DGAC Chile,2023-09-01,2026-09-01,Airbus A320 Family Type Rating,Active
Isabella Costa,BR852369ATPL,Brazilian,3/25/1995,ATPL,ANAC Brazil,7/11/2023,7/11/2028,2/25/2025,CC-BAV,Airbus A320neo,,KMIA,SCEL,7:55,FALSE,FALSE,FALSE,FALSE,FALSE,TRUE,FALSE,FALSE,FALSE,2:10,5:45,7:55,ILS,1,,,0:00,7:55,0:00,0:00,7:55,0:00,Scheduled flight LA501,Type Rating A320,DGAC Chile,2023-09-01,2026-09-01,Airbus A320 Family Type Rating,Active
Liam O'Connell,US445588ATPL,American,8/15/1985,ATPL,FAA,2/20/2010,2/20/2026,3/2/2025,CC-BGA,Boeing 787-9,,SCEL,KJFK,10:30,FALSE,FALSE,FALSE,FALSE,FALSE,FALSE,FALSE,TRUE,TRUE,1:20,9:10,10:30,ILS,1,,,0:00,10:30,0:00,10:30,0:00,0:00,Scheduled flight LA532,Type Rating B787,FAA,2022-05-18,2026-05-18,Boeing 787 Type Rating,Active
Liam O'Connell,US445588ATPL,American,8/15/1985,ATPL,FAA,2/20/2010,2/20/2026,3/4/2025,CC-BGA,Boeing 787-9,,KJFK,SCEL,10:50,TRUE,FALSE,FALSE,FALSE,TRUE,TRUE,TRUE,FALSE,TRUE,2:00,8:50,10:50,RNAV,1,,,0:00,10:50,0:00,10:50,0:00,0:00,Scheduled flight LA533,Type Rating B787,FAA,2022-05-18,2026-05-18,Boeing 787 Type Rating,Active
Liam O'Connell,US445588ATPL,American,8/15/1985,ATPL,FAA,2/20/2010,2/20/2026,3/7/2025,CC-BGB,Boeing 787-9,,SCEL,LEMD,12:45,FALSE,TRUE,FALSE,TRUE,TRUE,FALSE,FALSE,TRUE,FALSE,2:15,10:30,12:45,ILS,1,,,0:00,12:45,0:00,12:45,0:00,0:00,Scheduled flight LA704,Type Rating B787,FAA,2022-05-18,2026-05-18,Boeing 787 Type Rating,Active
Liam O'Connell,US445588ATPL,American,8/15/1985,ATPL,FAA,2/20/2010,2/20/2026,3/9/2025,CC-BGB,Boeing 787-9,,LEMD,SCEL,13:10,TRUE,TRUE,FALSE,TRUE,FALSE,TRUE,FALSE,FALSE,FALSE,3:00,10:10,13:10,RNAV,1,,,0:00,13:10,0:00,13:10,0:00,0:00,Scheduled flight LA705,Type Rating B787,FAA,2022-05-18,2026-05-18,Boeing 787 Type Rating,Active
Liam O'Connell,US445588ATPL,American,8/15/1985,ATPL,FAA,2/20/2010,2/20/2026,3/12/2025,CC-BGE,Boeing 787-8,,SCEL,LFPG,14:05,TRUE,TRUE,FALSE,TRUE,TRUE,TRUE,TRUE,FALSE,FALSE,2:30,11:35,14:05,ILS,1,,,0:00,14:05,0:00,14:05,0:00,0:00,Scheduled flight AF401,Type Rating B787,FAA,2022-05-18,2026-05-18,Boeing 787 Type Rating,Active
Liam O'Connell,US445588ATPL,American,8/15/1985,ATPL,FAA,2/20/2010,2/20/2026,3/14/2025,CC-BGE,Boeing 787-8,,LFPG,SCEL,14:25,TRUE,FALSE,TRUE,TRUE,TRUE,FALSE,FALSE,FALSE,TRUE,3:10,11:15,14:25,RNAV,1,,,0:00,14:25,0:00,14:25,0:00,0:00,Scheduled flight AF406,Type Rating B787,FAA,2022-05-18,2026-05-18,Boeing 787 Type Rating,Active
Liam O'Connell,US445588ATPL,American,8/15/1985,ATPL,FAA,2/20/2010,2/20/2026,3/18/2025,,,B787 FFS LATAM,,SCEL,SCEL,FALSE,TRUE,TRUE,TRUE,TRUE,FALSE,TRUE,FALSE,TRUE,0:00,0:00,0:00,4:00,Engine Failure,3,FFS,4:00,0:00,0:00,4:00,0:00,0:00,Proficiency Check,Type Rating B787,FAA,2022-05-18,2026-05-18,Boeing 787 Type Rating,Active
Liam O'Connell,US445588ATPL,American,8/15/1985,ATPL,FAA,2/20/2010,2/20/2026,3/21/2025,CC-BGC,Boeing 787-9,,SCEL,YSSY,14:10,FALSE,FALSE,FALSE,TRUE,TRUE,TRUE,FALSE,FALSE,TRUE,5:00,9:10,14:10,ILS,1,,,0:00,14:10,0:00,14:10,0:00,0:00,Scheduled flight QF28,Type Rating B787,FAA,2022-05-18,2026-05-18,Boeing 787 Type Rating,Active
Liam O'Connell,US445588ATPL,American,8/15/1985,ATPL,FAA,2/20/2010,2/20/2026,3/23/2025,CC-BGC,Boeing 787-9,,YSSY,SCEL,13:00,TRUE,FALSE,FALSE,TRUE,TRUE,TRUE,FALSE,TRUE,TRUE,8:00,5:00,13:00,RNAV,1,,,0:00,13:00,0:00,13:00,0:00,0:00,Scheduled flight QF27,Type Rating B787,FAA,2022-05-18,2026-05-18,Boeing 787 Type Rating,Active
Javier Nunez,CL223344CPLH,Chilean,1/30/1990,CPL(H),DGAC Chile,6/10/2019,6/10/2025,4/1/2025,CC-AHV,Robinson R44,,SCQN,SCQN,1:15,TRUE,FALSE,FALSE,TRUE,FALSE,TRUE,TRUE,TRUE,TRUE,1:15,0:00,0:00,,0,,,0:00,0:00,0:00,1:15,0:00,0:00,Coastal tour flight,Medical Class 1,DGAC Chile,2025-02-15,2026-02-15,Aeronautical Medical Certificate Class 1,Active
Javier Nunez,CL223344CPLH,Chilean,1/30/1990,CPL(H),DGAC Chile,6/10/2019,6/10/2025,4/3/2025,CC-AHV,Robinson R44,,SCQN,SCSN,0:45,TRUE,TRUE,TRUE,TRUE,FALSE,TRUE,TRUE,TRUE,FALSE,0:45,0:00,0:00,,0,,,0:00,0:45,0:00,0:45,0:00,0:00,Ferry flight for maintenance,Medical Class 1,DGAC Chile,2025-02-15,2026-02-15,Aeronautical Medical Certificate Class 1,Active
Javier Nunez,CL223344CPLH,Chilean,1/30/1990,CPL(H),DGAC Chile,6/10/2019,6/10/2025,4/5/2025,CC-AHV,Robinson R44,,SCSN,SCQN,0:40,FALSE,FALSE,TRUE,TRUE,TRUE,TRUE,TRUE,TRUE,TRUE,0:40,0:00,0:00,,0,,,0:00,0:40,0:00,0:40,0:00,0:00,Return ferry flight,Medical Class 1,DGAC Chile,2025-02-15,2026-02-15,Aeronautical Medical Certificate Class 1,Active
Javier Nunez,CL223344CPLH,Chilean,1/30/1990,CPL(H),DGAC Chile,6/10/2019,6/10/2025,4/8/2025,CC-AHT,Bell 206,,SCEL,SCEL,2:30,TRUE,FALSE,FALSE,FALSE,TRUE,TRUE,TRUE,FALSE,TRUE,2:30,0:00,0:00,,0,,,0:00,0:00,0:00,2:30,0:00,0:00,Power line inspection flight,Medical Class 1,DGAC Chile,2025-02-15,2026-02-15,Aeronautical Medical Certificate Class 1,Active
Javier Nunez,CL223344CPLH,Chilean,1/30/1990,CPL(H),DGAC Chile,6/10/2019,6/10/2025,4/10/2025,CC-AHV,Robinson R44,,SCQN,SCQN,2:00,TRUE,TRUE,FALSE,FALSE,FALSE,TRUE,TRUE,TRUE,FALSE,0:30,1:30,0:00,,0,,,0:00,0:00,0:00,0:00,0:00,2:00,Night currency instruction,Medical Class 1,DGAC Chile,2025-02-15,2026-02-15,Aeronautical Medical Certificate Class 1,Active
Sofia Rojas,CL987654PPL,Chilean,5/12/1999,PPL,DGAC Chile,4/15/2025,4/15/2030,1/5/2025,CC-PZK,Cessna 182,,SCTB,SCPF,2:45,FALSE,TRUE,FALSE,TRUE,FALSE,FALSE,FALSE,FALSE,FALSE,2:45,0:00,0:00,,0,,,0:00,2:45,0:00,2:45,0:00,0:00,XC with passengers to Pucón,Medical Class 2,DGAC Chile,2024-09-20,2026-09-20,Aeronautical Medical Certificate Class 2,Active
Sofia Rojas,CL987654PPL,Chilean,5/12/1999,PPL,DGAC Chile,4/15/2025,4/15/2030,1/8/2025,CC-PZK,Cessna 182,,SCPF,SCTB,2:55,FALSE,FALSE,TRUE,TRUE,FALSE,FALSE,TRUE,FALSE,FALSE,2:55,0:00,0:00,,0,,,0:00,2:55,0:00,2:55,0:00,0:00,Return flight from Pucón,Medical Class 2,DGAC Chile,2024-09-20,2026-09-20,Aeronautical Medical Certificate Class 2,Active
Sofia Rojas,CL987654PPL,Chilean,5/12/1999,PPL,DGAC Chile,4/15/2025,4/15/2030,1/15/2025,,,FNPT II ALSIM ALX,,SCTB,SCTB,FALSE,FALSE,TRUE,FALSE,FALSE,FALSE,TRUE,TRUE,FALSE,0:00,0:00,0:00,2:00,VOR,3,FNPT II,2:00,0:00,0:00,0:00,2:00,0:00,Instrument rating practice,Medical Class 2,DGAC Chile,2024-09-20,2026-09-20,Aeronautical Medical Certificate Class 2,Active
Sofia Rojas,CL987654PPL,Chilean,5/12/1999,PPL,DGAC Chile,4/15/2025,4/15/2030,1/20/2025,CC-PZA,Cessna 172S,,SCTB,SCTB,1:30,TRUE,TRUE,TRUE,TRUE,FALSE,TRUE,FALSE,TRUE,TRUE,1:30,0:00,1:30,ILS,2,,,0:00,0:00,0:00,0:00,1:30,0:00,Instrument training with instructor,Medical Class 2,DGAC Chile,2024-09-20,2026-09-20,Aeronautical Medical Certificate Class 2,Active
Matias Torres,CL564321CPL,Chilean,11/20/1992,CPL,DGAC Chile,8/1/2020,8/1/2026,3/1/2025,CC-DTG,Beechcraft Baron G58,,SCEL,SCFA,2:30,FALSE,FALSE,TRUE,FALSE,TRUE,FALSE,TRUE,FALSE,TRUE,2:30,0:00,2:30,RNAV,1,,,0:00,2:30,0:00,2:30,0:00,0:00,Charter flight,PIC,Medical Class 1,DGAC Chile,2025-01-10,2026-01-10,Aeronautical Medical Certificate Class 1
Matias Torres,CL564321CPL,Chilean,11/20/1992,CPL,DGAC Chile,8/1/2020,8/1/2026,3/1/2025,CC-DTG,Beechcraft Baron G58,,SCFA,SCEL,2:25,TRUE,FALSE,FALSE,TRUE,FALSE,TRUE,FALSE,TRUE,TRUE,0:30,1:55,2:25,ILS,1,,,0:00,2:25,0:00,2:25,0:00,0:00,Return leg,charter,Medical Class 1,DGAC Chile,2025-01-10,2026-01-10,Aeronautical Medical Certificate Class 1
Matias Torres,CL564321CPL,Chilean,11/20/1992,CPL,DGAC Chile,8/1/2020,8/1/2026,3/5/2025,CC-PZC,Cessna 172N,,SCEL,SCEL,1:00,TRUE,FALSE,FALSE,TRUE,FALSE,FALSE,TRUE,FALSE,FALSE,1:00,0:00,0:00,,0,,,0:00,0:00,0:00,0:00,0:00,1:00,Introductory flight for new student,Medical Class 1,DGAC Chile,2025-01-10,2026-01-10,Aeronautical Medical Certificate Class 1,Active
Matias Torres,CL564321CPL,Chilean,11/20/1992,CPL,DGAC Chile,8/1/2020,8/1/2026,3/8/2025,CC-PZB,Cessna 172N,,SCEL,SCTB,0:45,FALSE,FALSE,FALSE,FALSE,TRUE,FALSE,TRUE,FALSE,TRUE,0:45,0:00,0:00,,0,,,0:00,0:45,0:00,0:00,0:00,0:45,Instruction XC to Tobalaba,Medical Class 1,DGAC Chile,2025-01-10,2026-01-10,Aeronautical Medical Certificate Class 1,Active
Isabella Costa,BR852369ATPL,Brazilian,3/25/1995,ATPL,ANAC Brazil,7/11/2023,7/11/2028,3/3/2025,CC-BAX,Airbus A321,,SCEL,SUMU,2:15,TRUE,TRUE,TRUE,TRUE,FALSE,TRUE,FALSE,TRUE,TRUE,2:15,0:00,2:15,ILS,1,,,0:00,2:15,0:00,0:00,2:15,0:00,Scheduled flight LA405,Type Rating A320,DGAC Chile,2023-09-01,2026-09-01,Airbus A320 Family Type Rating,Active
Isabella Costa,BR852369ATPL,Brazilian,3/25/1995,ATPL,ANAC Brazil,7/11/2023,7/11/2028,3/3/2025,CC-BAX,Airbus A321,,SUMU,SCEL,2:20,FALSE,FALSE,TRUE,FALSE,TRUE,TRUE,FALSE,TRUE,TRUE,2:20,0:00,2:20,RNAV,1,,,0:00,2:20,0:00,0:00,2:20,0:00,Scheduled flight LA404,Type Rating A320,DGAC Chile,2023-09-01,2026-09-01,Airbus A320 Family Type Rating,Active
Isabella Costa,BR852369ATPL,Brazilian,3/25/1995,ATPL,ANAC Brazil,7/11/2023,7/11/2028,3/6/2025,CC-BDE,Airbus A319,,SCEL,SPHI,2:50,FALSE,FALSE,FALSE,FALSE,FALSE,FALSE,TRUE,TRUE,FALSE,2:50,0:00,2:50,VOR,1,,,0:00,2:50,0:00,0:00,2:50,0:00,Scheduled flight H8551,Type Rating A320,DGAC Chile,2023-09-01,2026-09-01,Airbus A320 Family Type Rating,Active
Isabella Costa,BR852369ATPL,Brazilian,3/25/1995,ATPL,ANAC Brazil,7/11/2023,7/11/2028,3/6/2025,CC-BDE,Airbus A319,,SPHI,SCEL,2:40,FALSE,FALSE,FALSE,TRUE,TRUE,TRUE,TRUE,TRUE,FALSE,0:10,2:30,2:40,ILS,1,,,0:00,2:40,0:00,0:00,2:40,0:00,Scheduled flight H8552,Type Rating A320,DGAC Chile,2023-09-01,2026-09-01,Airbus A320 Family Type Rating,Active
Liam O'Connell,US445588ATPL,American,8/15/1985,ATPL,FAA,2/20/2010,2/20/2026,4/1/2025,CC-BGF,Boeing 787-9,,SCEL,MMMX,7:45,FALSE,FALSE,TRUE,FALSE,FALSE,FALSE,FALSE,TRUE,TRUE,1:00,6:45,7:45,RNAV,1,,,0:00,7:45,0:00,7:45,0:00,0:00,Scheduled flight AM11,Type Rating B787,FAA,2022-05-18,2026-05-18,Boeing 787 Type Rating,Active
Liam O'Connell,US445588ATPL,American,8/15/1985,ATPL,FAA,2/20/2010,2/20/2026,4/2/2025,CC-BGF,Boeing 787-9,,MMMX,SCEL,7:30,TRUE,TRUE,TRUE,FALSE,TRUE,TRUE,TRUE,FALSE,FALSE,1:30,6:00,7:30,ILS,1,,,0:00,7:30,0:00,7:30,0:00,0:00,Scheduled flight AM10,Type Rating B787,FAA,2022-05-18,2026-05-18,Boeing 787 Type Rating,Active
Liam O'Connell,US445588ATPL,American,8/15/1985,ATPL,FAA,2/20/2010,2/20/2026,4/5/2025,CC-BGD,Boeing 787-8,,SCEL,NZAA,11:30,FALSE,FALSE,FALSE,TRUE,TRUE,TRUE,FALSE,FALSE,TRUE,2:00,9:30,11:30,RNAV,1,,,0:00,11:30,0:00,11:30,0:00,0:00,Scheduled flight LA801,Type Rating B787,FAA,2022-05-18,2026-05-18,Boeing 787 Type Rating,Active
Liam O'Connell,US445588ATPL,American,8/15/1985,ATPL,FAA,2/20/2010,2/20/2026,4/7/2025,CC-BGD,Boeing 787-8,,NZAA,SCEL,11:10,FALSE,FALSE,TRUE,FALSE,FALSE,FALSE,FALSE,FALSE,FALSE,5:00,6:10,11:10,ILS,1,,,0:00,11:10,0:00,11:10,0:00,0:00,Scheduled flight LA800,Type Rating B787,FAA,2022-05-18,2026-05-18,Boeing 787 Type Rating,Active
Javier Nunez,CL223344CPLH,Chilean,1/30/1990,CPL(H),DGAC Chile,6/10/2019,6/10/2025,4/15/2025,CC-AHV,Robinson R44,,SCQN,SCEL,0:55,TRUE,TRUE,TRUE,TRUE,TRUE,TRUE,FALSE,FALSE,TRUE,0:55,0:00,0:00,,0,,,0:00,0:55,0:00,0:55,0:00,0:00,Passenger transfer flight,Medical Class 1,DGAC Chile,2025-02-15,2026-02-15,Aeronautical Medical Certificate Class 1,Active
Javier Nunez,CL223344CPLH,Chilean,1/30/1990,CPL(H),DGAC Chile,6/10/2019,6/10/2025,4/18/2025,CC-AHT,Bell 206,,SCEL,SCEL,3:10,FALSE,TRUE,TRUE,FALSE,TRUE,TRUE,FALSE,FALSE,FALSE,3:10,0:00,0:00,,0,,,0:00,0:00,0:00,3:10,0:00,0:00,"Film crew support, aerial shots",Medical Class 1,DGAC Chile,2025-02-15,2026-02-15,Aeronautical Medical Certificate Class 1,Active
Sofia Rojas,CL987654PPL,Chilean,5/12/1999,PPL,DGAC Chile,4/15/2025,4/15/2030,2/1/2025,CC-PZA,Cessna 172S,,SCTB,SCTB,1:20,FALSE,FALSE,FALSE,TRUE,TRUE,FALSE,FALSE,TRUE,FALSE,1:20,0:00,1:20,VOR,2,,,0:00,0:00,0:00,0:00,1:20,0:00,Instrument training with instructor,Medical Class 2,DGAC Chile,2024-09-20,2026-09-20,Aeronautical Medical Certificate Class 2,Active
Sofia Rojas,CL987654PPL,Chilean,5/12/1999,PPL,DGAC Chile,4/15/2025,4/15/2030,2/5/2025,CC-PZA,Cessna 172S,,SCTB,SCEL,0:40,FALSE,FALSE,FALSE,FALSE,TRUE,TRUE,TRUE,TRUE,FALSE,0:40,0:00,0:40,ILS,1,,,0:00,0:40,0:00,0:00,0:40,0:00,Instrument XC training,Medical Class 2,DGAC Chile,2024-09-20,2026-09-20,Aeronautical Medical Certificate Class 2,Active
Sofia Rojas,CL987654PPL,Chilean,5/12/1999,PPL,DGAC Chile,4/15/2025,4/15/2030,2/5/2025,CC-PZA,Cessna 172S,,SCEL,SCTB,0:45,TRUE,FALSE,TRUE,FALSE,FALSE,TRUE,FALSE,TRUE,FALSE,0:45,0:00,0:45,VOR,1,,,0:00,0:45,0:00,0:00,0:45,0:00,Return leg of instrument XC,Medical Class 2,DGAC Chile,2024-09-20,2026-09-20,Aeronautical Medical Certificate Class 2,Active
Matias Torres,CL564321CPL,Chilean,11/20/1992,CPL,DGAC Chile,8/1/2020,8/1/2026,3/15/2025,CC-DTF,Piper PA-44 Seminole,,SCEL,SCIE,1:20,TRUE,TRUE,FALSE,TRUE,TRUE,FALSE,FALSE,TRUE,FALSE,1:20,0:00,1:20,RNAV,1,,,0:00,1:20,0:00,0:00,0:00,1:20,MEP/IR instruction,Medical Class 1,DGAC Chile,2025-01-10,2026-01-10,Aeronautical Medical Certificate Class 1,Active
Matias Torres,CL564321CPL,Chilean,11/20/1992,CPL,DGAC Chile,8/1/2020,8/1/2026,3/15/2025,CC-DTF,Piper PA-44 Seminole,,SCIE,SCEL,1:15,TRUE,TRUE,FALSE,TRUE,TRUE,FALSE,TRUE,FALSE,FALSE,1:15,0:00,1:15,ILS,1,,,0:00,1:15,0:00,0:00,0:00,1:15,MEP/IR instruction,return,Medical Class 1,DGAC Chile,2025-01-10,2026-01-10,Aeronautical Medical Certificate Class 1
Matias Torres,CL564321CPL,Chilean,11/20/1992,CPL,DGAC Chile,8/1/2020,8/1/2026,3/20/2025,CC-PZC,Cessna 172N,,SCEL,SCEL,2:00,TRUE,TRUE,TRUE,FALSE,TRUE,FALSE,FALSE,FALSE,FALSE,0:00,2:00,0:00,,0,,,0:00,0:00,0:00,0:00,0:00,2:00,Night instruction,CPL student,Medical Class 1,DGAC Chile,2025-01-10,2026-01-10,Aeronautical Medical Certificate Class 1
Isabella Costa,BR852369ATPL,Brazilian,3/25/1995,ATPL,ANAC Brazil,7/11/2023,7/11/2028,3/15/2025,CC-BAZ,Airbus A320,,SCEL,SEQM,4:10,TRUE,TRUE,TRUE,TRUE,TRUE,FALSE,TRUE,TRUE,FALSE,4:10,0:00,4:10,RNAV,1,,,0:00,4:10,0:00,0:00,4:10,0:00,Scheduled flight LA1450,Type Rating A320,DGAC Chile,2023-09-01,2026-09-01,Airbus A320 Family Type Rating,Active
Isabella Costa,BR852369ATPL,Brazilian,3/25/1995,ATPL,ANAC Brazil,7/11/2023,7/11/2028,3/15/2025,CC-BAZ,Airbus A320,,SEQM,SCEL,4:00,TRUE,TRUE,TRUE,TRUE,FALSE,FALSE,TRUE,FALSE,FALSE,0:00,4:00,4:00,ILS,1,,,0:00,4:00,0:00,0:00,4:00,0:00,Scheduled flight LA1451,Type Rating A320,DGAC Chile,2023-09-01,2026-09-01,Airbus A320 Family Type Rating,Active
Isabella Costa,BR852369ATPL,Brazilian,3/25/1995,ATPL,ANAC Brazil,7/11/2023,7/11/2028,3/18/2025,CC-BDE,Airbus A319,,SCEL,SCCF,1:50,FALSE,TRUE,FALSE,FALSE,FALSE,TRUE,TRUE,TRUE,FALSE,1:50,0:00,1:50,VOR,1,,,0:00,1:50,0:00,0:00,1:50,0:00,Scheduled flight LA3,Type Rating A320,DGAC Chile,2023-09-01,2026-09-01,Airbus A320 Family Type Rating,Active
Isabella Costa,BR852369ATPL,Brazilian,3/25/1995,ATPL,ANAC Brazil,7/11/2023,7/11/2028,3/18/2025,CC-BDE,Airbus A319,,SCCF,SCEL,1:45,TRUE,FALSE,TRUE,TRUE,FALSE,TRUE,TRUE,FALSE,FALSE,0:00,1:45,1:45,ILS,1,,,0:00,1:45,0:00,0:00,1:45,0:00,Scheduled flight LA4,Type Rating A320,DGAC Chile,2023-09-01,2026-09-01,Airbus A320 Family Type Rating,Active
Liam O'Connell,US445588ATPL,American,8/15/1985,ATPL,FAA,2/20/2010,2/20/2026,4/15/2025,,,B787 FFS CAE,,SCEL,SCEL,FALSE,FALSE,FALSE,FALSE,FALSE,FALSE,TRUE,TRUE,FALSE,0:00,0:00,0:00,4:00,RNAV,4,FFS,4:00,0:00,0:00,4:00,0:00,0:00,Line Oriented Flight Training (LOFT),Type Rating B787,FAA,2022-05-18,2026-05-18,Boeing 787 Type Rating,Active
Liam O'Connell,US445588ATPL,American,8/15/1985,ATPL,FAA,2/20/2010,2/20/2026,4/18/2025,CC-BGA,Boeing 787-9,,SCEL,LEMD,12:50,FALSE,FALSE,TRUE,FALSE,TRUE,TRUE,TRUE,TRUE,FALSE,2:00,10:50,12:50,ILS,1,,,0:00,12:50,0:00,12:50,0:00,0:00,Scheduled flight IB6830,Type Rating B787,FAA,2022-05-18,2026-05-18,Boeing 787 Type Rating,Active
Liam O'Connell,US445588ATPL,American,8/15/1985,ATPL,FAA,2/20/2010,2/20/2026,4/20/2025,CC-BGA,Boeing 787-9,,LEMD,SCEL,13:15,FALSE,TRUE,TRUE,FALSE,TRUE,FALSE,TRUE,TRUE,FALSE,3:00,10:15,13:15,RNAV,1,,,0:00,13:15,0:00,13:15,0:00,0:00,Scheduled flight IB6831,Type Rating B787,FAA,2022-05-18,2026-05-18,Boeing 787 Type Rating,Active
Javier Nunez,CL223344CPLH,Chilean,1/30/1990,CPL(H),DGAC Chile,6/10/2019,6/10/2025,4/22/2025,CC-AHT,Bell 206,,SCEL,SCTB,0:40,TRUE,TRUE,FALSE,TRUE,FALSE,TRUE,FALSE,FALSE,FALSE,0:40,0:00,0:00,,0,,,0:00,0:40,0:00,0:40,0:00,0:00,Charter flight,Medical Class 1,DGAC Chile,2025-02-15,2026-02-15,Aeronautical Medical Certificate Class 1,Active
Javier Nunez,CL223344CPLH,Chilean,1/30/1990,CPL(H),DGAC Chile,6/10/2019,6/10/2025,4/25/2025,CC-AHV,Robinson R44,,SCQN,SCQN,1:45,TRUE,TRUE,FALSE,FALSE,FALSE,TRUE,TRUE,FALSE,FALSE,1:45,0:00,0:00,,0,,,0:00,0:00,0:00,1:45,0:00,0:00,Real estate aerial survey,Medical Class 1,DGAC Chile,2025-02-15,2026-02-15,Aeronautical Medical Certificate Class 1,Active
Sofia Rojas,CL987654PPL,Chilean,5/12/1999,PPL,DGAC Chile,4/15/2025,4/15/2030,2/15/2025,CC-PZA,Cessna 172S,,SCTB,SCTB,2:10,FALSE,FALSE,FALSE,FALSE,FALSE,FALSE,TRUE,FALSE,TRUE,2:10,0:00,0:00,,0,,,0:00,0:00,0:00,2:10,0:00,0:00,Biennial Flight Review,Medical Class 2,DGAC Chile,2024-09-20,2026-09-20,Aeronautical Medical Certificate Class 2,Active
Matias Torres,CL564321CPL,Chilean,11/20/1992,CPL,DGAC Chile,8/1/2020,8/1/2026,3/25/2025,CC-DTG,Beechcraft Baron G58,,SCEL,SCAR,3:10,TRUE,FALSE,TRUE,TRUE,FALSE,TRUE,TRUE,FALSE,TRUE,3:10,0:00,3:10,RNAV,1,,,0:00,3:10,0:00,3:10,0:00,0:00,Corporate transport flight,Medical Class 1,DGAC Chile,2025-01-10,2026-01-10,Aeronautical Medical Certificate Class 1,Active
Matias Torres,CL564321CPL,Chilean,11/20/1992,CPL,DGAC Chile,8/1/2020,8/1/2026,3/25/2025,CC-DTG,Beechcraft Baron G58,,SCAR,SCEL,3:05,FALSE,TRUE,FALSE,TRUE,TRUE,FALSE,FALSE,FALSE,TRUE,1:00,2:05,3:05,ILS,1,,,0:00,3:05,0:00,3:05,0:00,0:00,Return leg corporate flight,Medical Class 1,DGAC Chile,2025-01-10,2026-01-10,Aeronautical Medical Certificate Class 1,Active
Isabella Costa,BR852369ATPL,Brazilian,3/25/1995,ATPL,ANAC Brazil,7/11/2023,7/11/2028,3/22/2025,CC-BAW,Airbus A321,,SCEL,SCIP,5:10,TRUE,FALSE,FALSE,FALSE,TRUE,TRUE,FALSE,FALSE,FALSE,5:10,0:00,5:10,RNAV,1,,,0:00,5:10,0:00,0:00,5:10,0:00,Scheduled flight to Easter Island,Type Rating A320,DGAC Chile,2023-09-01,2026-09-01,Airbus A320 Family Type Rating,Active
Isabella Costa,BR852369ATPL,Brazilian,3/25/1995,ATPL,ANAC Brazil,7/11/2023,7/11/2028,3/24/2025,CC-BAW,Airbus A321,,SCIP,SCEL,4:55,FALSE,TRUE,TRUE,TRUE,FALSE,FALSE,FALSE,TRUE,TRUE,0:00,4:55,4:55,ILS,1,,,0:00,4:55,0:00,0:00,4:55,0:00,Return flight from Easter Island,Type Rating A320,DGAC Chile,2023-09-01,2026-09-01,Airbus A320 Family Type Rating,Active
Liam O'Connell,US445588ATPL,American,8/15/1985,ATPL,FAA,2/20/2010,2/20/2026,4/25/2025,CC-BGB,Boeing 787-9,,SCEL,KJFK,10:35,TRUE,FALSE,FALSE,TRUE,TRUE,FALSE,FALSE,FALSE,TRUE,1:30,9:05,10:35,ILS,1,,,0:00,10:35,0:00,10:35,0:00,0:00,Scheduled flight LA532,Type Rating B787,FAA,2022-05-18,2026-05-18,Boeing 787 Type Rating,Active
Liam O'Connell,US445588ATPL,American,8/15/1985,ATPL,FAA,2/20/2010,2/20/2026,4/27/2025,CC-BGB,Boeing 787-9,,KJFK,SCEL,10:45,TRUE,TRUE,FALSE,FALSE,FALSE,FALSE,TRUE,TRUE,TRUE,2:00,8:45,10:45,RNAV,1,,,0:00,10:45,0:00,10:45,0:00,0:00,Scheduled flight LA533,Type Rating B787,FAA,2022-05-18,2026-05-18,Boeing 787 Type Rating,Active
Sofia Rojas,CL987654PPL,Chilean,5/12/1999,PPL,DGAC Chile,4/15/2025,4/15/2030,3/2/2025,CC-PZA,Cessna 172S,,SCTB,SCSL,1:10,FALSE,FALSE,FALSE,FALSE,FALSE,TRUE,FALSE,FALSE,TRUE,1:10,0:00,0:00,,0,,,0:00,1:10,0:00,1:10,0:00,0:00,XC flight to Los Andes,Medical Class 2,DGAC Chile,2024-09-20,2026-09-20,Aeronautical Medical Certificate Class 2,Active
Sofia Rojas,CL987654PPL,Chilean,5/12/1999,PPL,DGAC Chile,4/15/2025,4/15/2030,3/2/2025,CC-PZA,Cessna 172S,,SCSL,SCTB,1:05,TRUE,TRUE,TRUE,FALSE,FALSE,FALSE,FALSE,FALSE,TRUE,1:05,0:00,0:00,,0,,,0:00,1:05,0:00,1:05,0:00,0:00,Return XC flight from Los Andes,Medical Class 2,DGAC Chile,2024-09-20,2026-09-20,Aeronautical Medical Certificate Class 2,Active
Matias Torres,CL564321CPL,Chilean,11/20/1992,CPL,DGAC Chile,8/1/2020,8/1/2026,4/2/2025,CC-PZB,Cessna 172N,,SCEL,SCEL,1:30,FALSE,TRUE,TRUE,TRUE,FALSE,FALSE,TRUE,FALSE,TRUE,1:30,0:00,0:00,,0,,,0:00,0:00,0:00,0:00,0:00,1:30,Instruction,slow flight and stalls,Medical Class 1,DGAC Chile,2025-01-10,2026-01-10,Aeronautical Medical Certificate Class 1
Matias Torres,CL564321CPL,Chilean,11/20/1992,CPL,DGAC Chile,8/1/2020,8/1/2026,4/5/2025,,,FNPT II Mechtronix,,SCEL,SCEL,FALSE,FALSE,FALSE,FALSE,TRUE,FALSE,TRUE,TRUE,FALSE,0:00,0:00,0:00,2:00,ILS,4,FNPT II,2:00,0:00,0:00,0:00,0:00,2:00,Instrument instruction,sim session,Medical Class 1,DGAC Chile,2025-01-10,2026-01-10,Aeronautical Medical Certificate Class 1
Isabella Costa,BR852369ATPL,Brazilian,3/25/1995,ATPL,ANAC Brazil,7/11/2023,7/11/2028,4/2/2025,CC-BAV,Airbus A320neo,,SCEL,SKBO,6:05,FALSE,TRUE,FALSE,FALSE,FALSE,TRUE,FALSE,TRUE,FALSE,0:30,5:35,6:05,ILS,1,,,0:00,6:05,0:00,0:00,6:05,0:00,Scheduled flight LA572,Type Rating A320,DGAC Chile,2023-09-01,2026-09-01,Airbus A320 Family Type Rating,Active
Isabella Costa,BR852369ATPL,Brazilian,3/25/1995,ATPL,ANAC Brazil,7/11/2023,7/11/2028,4/3/2025,CC-BAV,Airbus A320neo,,SKBO,SCEL,5:50,TRUE,TRUE,FALSE,TRUE,FALSE,TRUE,FALSE,TRUE,TRUE,0:00,5:50,5:50,ILS,1,,,0:00,5:50,0:00,0:00,5:50,0:00,Scheduled flight LA573,Type Rating A320,DGAC Chile,2023-09-01,2026-09-01,Airbus A320 Family Type Rating,Active
Liam O'Connell,US445588ATPL,American,8/15/1985,ATPL,FAA,2/20/2010,2/20/2026,5/1/2025,CC-BGE,Boeing 787-8,,SCEL,LFPG,14:15,FALSE,FALSE,FALSE,FALSE,TRUE,FALSE,FALSE,TRUE,FALSE,2:30,11:45,14:15,ILS,1,,,0:00,14:15,0:00,14:15,0:00,0:00,Scheduled flight AF401,Type Rating B787,FAA,2022-05-18,2026-05-18,Boeing 787 Type Rating,Active
Liam O'Connell,US445588ATPL,American,8/15/1985,ATPL,FAA,2/20/2010,2/20/2026,5/3/2025,CC-BGE,Boeing 787-8,,LFPG,SCEL,14:30,TRUE,FALSE,TRUE,TRUE,TRUE,TRUE,TRUE,TRUE,TRUE,3:15,11:15,14:30,RNAV,1,,,0:00,14:30,0:00,14:30,0:00,0:00,Scheduled flight AF406,Type Rating B787,FAA,2022-05-18,2026-05-18,Boeing 787 Type Rating,Active
Javier Nunez,CL223344CPLH,Chilean,1/30/1990,CPL(H),DGAC Chile,6/10/2019,6/10/2025,5/5/2025,CC-AHV,Robinson R44,,SCQN,SCQN,1:00,FALSE,FALSE,FALSE,FALSE,FALSE,TRUE,TRUE,TRUE,FALSE,1:00,0:00,0:00,,0,,,0:00,0:00,0:00,1:00,0:00,0:00,Local introductory flight,Medical Class 1,DGAC Chile,2025-02-15,2026-02-15,Aeronautical Medical Certificate Class 1,Active
Acacio Morales,US666ATPL,Venecozuelan,1/1/1980,PPL,INAC BOLIVARIANA,12/31/2020,1/1/2030,09/30/2025,CC-QLO,Cessna 172N,,KJFK,SCAR,2:10,TRUE,TRUE,FALSE,FALSE,FALSE,FALSE,FALSE,FALSE,FALSE,1:00,0:30,0:45,ILS,1,,,,,,,,,Cessna 172N SCJO-SCFA training flight.,Biennial Flight Review,MedicalAuthority,2025-05-26,2026-04-29,Biennial Flight Review recorded for training block.,active